year,dest_province,inflow,outflow,net_migration,partners,outflow_yoy_pct,inflow_yoy_pct,net_yoy_change
2008,ADANA,45493,58316,-12823,80,,,
2009,ADANA,53685,54109,-424,80,-7.214143631250424,18.007165937616776,12399.0
2010,ADANA,53096,57402,-4306,80,6.085863719529105,-1.0971407283226209,-3882.0
2011,ADANA,50523,62402,-11879,80,8.71049789205951,-4.845939430465574,-7573.0
2012,ADANA,45927,59294,-13367,80,-4.9806095958462855,-9.096846980583095,-1488.0
2013,ADANA,50598,62933,-12335,80,6.137214557965387,10.170487948265716,1032.0
2014,ADANA,51562,63181,-11619,80,0.39406988384471653,1.9052136448080903,716.0
2015,ADANA,52647,64192,-11545,80,1.60016460644814,2.10426282921532,74.0
2016,ADANA,51466,60759,-9293,80,-5.348018444666003,-2.243242729880146,2252.0
2017,ADANA,49509,62834,-13325,80,3.4151319146134673,-3.8025103952123773,-4032.0
2018,ADANA,51660,70638,-18978,80,12.42002737371486,4.344664606435189,-5653.0
2019,ADANA,52290,60900,-8610,80,-13.785781024377819,1.2195121951219523,10368.0
2020,ADANA,47088,45832,1256,80,-24.742200328407225,-9.948364888123928,9866.0
2021,ADANA,53649,65628,-11979,80,43.192529237214174,13.933486238532101,-13235.0
2022,ADANA,55018,62156,-7138,80,-5.290424818674955,2.5517717012432772,4841.0
2023,ADANA,66104,77898,-11794,80,25.326597593152723,20.14976916645461,-4656.0
2008,ADIYAMAN,12155,20971,-8816,80,,,
2009,ADIYAMAN,12091,18295,-6204,80,-12.760478756377857,-0.5265322912381687,2612.0
2010,ADIYAMAN,14150,20135,-5985,80,10.057392730254167,17.029195269208497,219.0
2011,ADIYAMAN,13873,23939,-10066,80,18.892475788428122,-1.957597173144876,-4081.0
2012,ADIYAMAN,14323,22591,-8268,80,-5.630978737624792,3.243710805161104,1798.0
2013,ADIYAMAN,15715,24077,-8362,80,6.5778407330352895,9.718634364309153,-94.0
2014,ADIYAMAN,16578,24330,-7752,80,1.0507953648710489,5.49156856506523,610.0
2015,ADIYAMAN,18523,24064,-5541,80,-1.09330045211673,11.732416455543483,2211.0
2016,ADIYAMAN,18789,21201,-2412,80,-11.897440159574469,1.4360524753009862,3129.0
2017,ADIYAMAN,18040,22741,-4701,80,7.263808310928721,-3.9863750066528314,-2289.0
2018,ADIYAMAN,22034,22897,-863,80,0.6859856646585394,22.139689578713973,3838.0
2019,ADIYAMAN,17619,24821,-7202,80,8.402847534611514,-20.037215212852864,-6339.0
2020,ADIYAMAN,16163,16936,-773,80,-31.767454977639897,-8.263806118394912,6429.0
2021,ADIYAMAN,17598,24860,-7262,80,46.78790741615493,8.87830229536597,-6489.0
2022,ADIYAMAN,18780,23359,-4579,80,-6.037811745776345,6.716672349130581,2683.0
2023,ADIYAMAN,23294,48372,-25078,80,107.0807825677469,24.036208732694362,-20499.0
2008,AFYONKARAHİSAR,18270,24861,-6591,80,,,
2009,AFYONKARAHİSAR,20223,22256,-2033,80,-10.478259120711153,10.689655172413804,4558.0
2010,AFYONKARAHİSAR,17451,24119,-6668,80,8.37077641984183,-13.70716510903427,-4635.0
2011,AFYONKARAHİSAR,17219,24063,-6844,80,-0.23218209710187399,-1.3294367084980774,-176.0
2012,AFYONKARAHİSAR,24167,21738,2429,80,-9.66213689066201,40.35077530634763,9273.0
2013,AFYONKARAHİSAR,22200,26799,-4599,80,23.28181065415402,-8.139198080026478,-7028.0
2014,AFYONKARAHİSAR,21414,27100,-5686,80,1.1231762379193322,-3.5405405405405377,-1087.0
2015,AFYONKARAHİSAR,22922,26226,-3304,80,-3.225092250922512,7.042121976277205,2382.0
2016,AFYONKARAHİSAR,22467,24400,-1933,80,-6.962556241897355,-1.9849925835441984,1371.0
2017,AFYONKARAHİSAR,21453,25483,-4030,80,4.438524590163939,-4.513286153024431,-2097.0
2018,AFYONKARAHİSAR,26976,25049,1927,80,-1.7030961817682377,25.744651097748573,5957.0
2019,AFYONKARAHİSAR,23818,27006,-3188,80,7.8126871332188985,-11.706702253855283,-5115.0
2020,AFYONKARAHİSAR,18439,19434,-995,80,-28.03821373028216,-22.583760181375435,2193.0
2021,AFYONKARAHİSAR,24643,25327,-684,80,30.323145003601937,33.646076251423615,311.0
2022,AFYONKARAHİSAR,23667,25425,-1758,80,0.38693883997316103,-3.9605567503956496,-1074.0
2023,AFYONKARAHİSAR,30431,26427,4004,80,3.9410029498525123,28.579879156631605,5762.0
2008,AKSARAY,11146,12596,-1450,80,,,
2009,AKSARAY,10217,12587,-2370,80,-0.07145125436646138,-8.334828638076441,-920.0
2010,AKSARAY,10159,13225,-3066,80,5.068721696988954,-0.5676813154546378,-696.0
2011,AKSARAY,10778,13142,-2364,80,-0.627599243856336,6.09311940151589,702.0
2012,AKSARAY,10667,12374,-1707,80,-5.843859382133621,-1.029875672666547,657.0
2013,AKSARAY,11491,13726,-2235,80,10.926135445288509,7.724758601293713,-528.0
2014,AKSARAY,11936,14577,-2641,80,6.199912574675803,3.872595944652346,-406.0
2015,AKSARAY,12205,14164,-1959,80,-2.8332304315016765,2.253686327077742,682.0
2016,AKSARAY,15234,12294,2940,80,-13.202485173679756,24.817697664891437,4899.0
2017,AKSARAY,14139,13799,340,80,12.241743940133398,-7.187869239858213,-2600.0
2018,AKSARAY,16680,14441,2239,80,4.652511051525465,17.971568003394857,1899.0
2019,AKSARAY,13689,15672,-1983,80,8.52434041963852,-17.93165467625899,-4222.0
2020,AKSARAY,12208,12311,-103,80,-21.445890760592135,-10.818905690700564,1880.0
2021,AKSARAY,14210,15529,-1319,80,26.13922508325888,16.399082568807334,-1216.0
2022,AKSARAY,14264,14147,117,80,-8.899478395260484,0.3800140745953584,1436.0
2023,AKSARAY,20400,15112,5288,80,6.821234183925928,43.01738642736961,5171.0
2008,AMASYA,11748,14268,-2520,80,,,
2009,AMASYA,11533,13187,-1654,80,-7.57639472946453,-1.8300987402110946,866.0
2010,AMASYA,11729,13726,-1997,80,4.087358762417526,1.6994710829792758,-343.0
2011,AMASYA,11424,14142,-2718,80,3.030744572344446,-2.6003921902975513,-721.0
2012,AMASYA,11228,13128,-1900,80,-7.170131523122613,-1.715686274509809,818.0
2013,AMASYA,12379,14658,-2279,80,11.654478976233996,10.251157819736378,-379.0
2014,AMASYA,12970,14817,-1847,80,1.0847318870241596,4.774214395346954,432.0
2015,AMASYA,13957,15092,-1135,80,1.8559762435040872,7.609868928296071,712.0
2016,AMASYA,15395,13609,1786,80,-9.826398091704213,10.303073726445522,2921.0
2017,AMASYA,14326,14675,-349,80,7.8330516569917075,-6.943812926274761,-2135.0
2018,AMASYA,16760,15237,1523,80,3.829642248722309,16.99008795197543,1872.0
2019,AMASYA,13329,14813,-1484,80,-2.782700006562977,-20.47136038186157,-3007.0
2020,AMASYA,12241,11347,894,80,-23.398366299871732,-8.16265286218021,2378.0
2021,AMASYA,15244,14540,704,80,28.13959636908434,24.53230945184217,-190.0
2022,AMASYA,15217,13847,1370,80,-4.766162310866573,-0.177118866439252,666.0
2023,AMASYA,19307,15046,4261,80,8.65891528851015,26.877834001445745,2891.0
2008,ANKARA,156760,126198,30562,80,,,
2009,ANKARA,168193,131114,37079,80,3.8954658552433408,7.293314621076807,6517.0
2010,ANKARA,182845,133440,49405,80,1.7740287078420236,8.711420808238145,12326.0
2011,ANKARA,191864,137385,54479,80,2.956384892086339,4.932593180015865,5074.0
2012,ANKARA,160235,137834,22401,80,0.32681879390035196,-16.485114456073045,-32078.0
2013,ANKARA,186642,153791,32851,80,11.576969397971482,16.480169750678698,10450.0
2014,ANKARA,203621,163612,40009,80,6.385939359260284,9.09709497326432,7158.0
2015,ANKARA,204048,153001,51047,80,-6.4854656137691595,0.20970332136664993,11038.0
2016,ANKARA,177166,159915,17251,80,4.518924712910377,-13.17435113306673,-33796.0
2017,ANKARA,188100,156058,32042,80,-2.41190632523528,6.171613063454617,14791.0
2018,ANKARA,184382,221747,-37365,80,42.09268348947186,-1.9766081871344987,-69407.0
2019,ANKARA,211744,154464,57280,80,-30.342236873554096,14.839843368658556,94645.0
2020,ANKARA,153162,141165,11997,80,-8.609773151025479,-27.666427384010884,-45283.0
2021,ANKARA,197702,165604,32098,80,17.31236496298658,29.080320183857623,20101.0
2022,ANKARA,189104,161912,27192,80,-2.2294147484360316,-4.348969661409596,-4906.0
2023,ANKARA,232700,208740,23960,80,28.92188349226741,23.053980878246882,-3232.0
2008,ANTALYA,92031,55806,36225,80,,,
2009,ANTALYA,75696,58632,17064,80,5.063971615955265,-17.74945398833002,-19161.0
2010,ANTALYA,86907,61662,25245,80,5.1678264428980825,14.810558021559928,8181.0
2011,ANTALYA,89731,62875,26856,80,1.9671758943920148,3.249450562095113,1611.0
2012,ANTALYA,83596,62893,20703,80,0.028628230616312145,-6.837102004881257,-6153.0
2013,ANTALYA,88605,64075,24530,80,1.8793824431971862,5.9919134886836645,3827.0
2014,ANTALYA,93057,64631,28426,80,0.8677331252438636,5.024547147452174,3896.0
2015,ANTALYA,96441,68374,28067,80,5.791338521762013,3.63648086656565,-359.0
2016,ANTALYA,79203,73119,6084,80,6.939772428115942,-17.87414066631412,-21983.0
2017,ANTALYA,87232,72178,15054,80,-1.2869432021772709,10.137242276176405,8970.0
2018,ANTALYA,95920,80349,15571,80,11.320624012857095,9.959647835656638,517.0
2019,ANTALYA,100140,68494,31646,80,-14.754383999800869,4.399499582985822,16075.0
2020,ANTALYA,83035,62325,20710,80,-9.006628317808863,-17.081086478929496,-10936.0
2021,ANTALYA,88305,80505,7800,80,29.1696750902527,6.346721262118393,-12910.0
2022,ANTALYA,92004,78986,13018,80,-1.8868393267498895,4.1888907762867245,5218.0
2023,ANTALYA,118356,88758,29598,80,12.371812726305919,28.64223294639363,16580.0
2008,ARDAHAN,4640,7447,-2807,80,,,
2009,ARDAHAN,3775,7033,-3258,80,-5.559285618369813,-18.64224137931034,-451.0
2010,ARDAHAN,4586,6857,-2271,80,-2.502488269586234,21.48344370860926,987.0
2011,ARDAHAN,4908,6673,-1765,80,-2.6833892372757795,7.021369385085041,506.0
2012,ARDAHAN,4923,5986,-1063,80,-10.29521954143564,0.3056234718826323,702.0
2013,ARDAHAN,5254,7633,-2379,80,27.514199799532246,6.723542555352435,-1316.0
2014,ARDAHAN,5323,8033,-2710,80,5.240403511070357,1.3132851161020254,-331.0
2015,ARDAHAN,5630,7802,-2172,80,-2.8756379932777243,5.767424384745445,538.0
2016,ARDAHAN,5164,6880,-1716,80,-11.817482696744419,-8.277087033747776,456.0
2017,ARDAHAN,5284,7154,-1870,80,3.9825581395348753,2.323780015491872,-154.0
2018,ARDAHAN,7342,6376,966,80,-10.87503494548504,38.94776684330053,2836.0
2019,ARDAHAN,5164,7028,-1864,80,10.225846925972393,-29.66494143285209,-2830.0
2020,ARDAHAN,4085,5215,-1130,80,-25.796812749003983,-20.89465530596437,734.0
2021,ARDAHAN,4750,6445,-1695,80,23.585810162991372,16.279069767441868,-565.0
2022,ARDAHAN,5391,8157,-2766,80,26.5632273079907,13.49473684210527,-1071.0
2023,ARDAHAN,6856,6811,45,80,-16.501164643864165,27.174921164904475,2811.0
2008,ARTVİN,6700,8660,-1960,80,,,
2009,ARTVİN,6206,7547,-1341,80,-12.852193995381068,-7.37313432835821,619.0
2010,ARTVİN,7115,7988,-873,80,5.843381476083209,14.647115694489198,468.0
2011,ARTVİN,7948,7948,0,80,-0.5007511266900355,11.707659873506682,873.0
2012,ARTVİN,7286,7612,-326,80,-4.227478610971314,-8.329139406139907,-326.0
2013,ARTVİN,10053,8644,1409,80,13.557540725170792,37.97694208070273,1735.0
2014,ARTVİN,9551,10187,-636,80,17.850532161036558,-4.993534268377598,-2045.0
2015,ARTVİN,9050,10969,-1919,80,7.676450377932653,-5.245524028897497,-1283.0
2016,ARTVİN,8240,9283,-1043,80,-15.370589844106119,-8.950276243093924,876.0
2017,ARTVİN,7788,10146,-2358,80,9.296563610901654,-5.485436893203888,-1315.0
2018,ARTVİN,15934,8876,7058,80,-12.517248176621331,104.59681561376475,9416.0
2019,ARTVİN,8403,11676,-3273,80,31.54574132492114,-47.26371281536338,-10331.0
2020,ARTVİN,6358,7801,-1443,80,-33.18773552586502,-24.336546471498277,1830.0
2021,ARTVİN,8238,8224,14,80,5.422381745930016,29.569046870084925,1457.0
2022,ARTVİN,9983,9879,104,80,20.124027237354092,21.182325807234758,90.0
2023,ARTVİN,13425,10352,3073,80,4.787934001417149,34.47861364319343,2969.0
2008,AYDIN,34375,25577,8798,80,,,
2009,AYDIN,28524,27640,884,80,8.0658404034875,-17.02109090909091,-7914.0
2010,AYDIN,29971,29923,48,80,8.259768451519545,5.072921048941237,-836.0
2011,AYDIN,32077,31056,1021,80,3.7863850549744393,7.026792566147266,973.0
2012,AYDIN,32412,29623,2789,80,-4.6142452344152485,1.0443620039280566,1768.0
2013,AYDIN,34688,32338,2350,80,9.165175708064677,7.022090583734419,-439.0
2014,AYDIN,45842,32396,13446,80,0.17935555692991656,32.15521217712176,11096.0
2015,AYDIN,42743,37689,5054,80,16.338436844054826,-6.760176257580386,-8392.0
2016,AYDIN,40363,33119,7244,80,-12.125553875135985,-5.568163208010668,2190.0
2017,AYDIN,41352,35339,6013,80,6.703100939038009,2.4502638555112366,-1231.0
2018,AYDIN,47005,36462,10543,80,3.177792240867028,13.67043915650996,4530.0
2019,AYDIN,40439,36180,4259,80,-0.773407931545167,-13.96872673119881,-6284.0
2020,AYDIN,35455,30996,4459,80,-14.328358208955228,-12.324736022156824,200.0
2021,AYDIN,46485,37246,9239,80,20.163892115111626,31.109857565928635,4780.0
2022,AYDIN,45705,36499,9206,80,-2.0055844922944766,-1.6779606324620833,-33.0
2023,AYDIN,52916,41605,11311,80,13.989424367790892,15.777267257411665,2105.0
2008,AĞRI,12195,27450,-15255,80,,,
2009,AĞRI,12115,22613,-10498,80,-17.62112932604736,-0.6560065600656029,4757.0
2010,AĞRI,14950,22966,-8016,80,1.5610489541414196,23.400742880726376,2482.0
2011,AĞRI,15508,25182,-9674,80,9.649046416441687,3.732441471571901,-1658.0
2012,AĞRI,12856,27984,-15128,80,11.12699547295688,-17.100851173587827,-5454.0
2013,AĞRI,14725,28477,-13752,80,1.7617209834190906,14.537958929682638,1376.0
2014,AĞRI,14480,30995,-16515,80,8.842223548828887,-1.6638370118845502,-2763.0
2015,AĞRI,16597,32174,-15577,80,3.80383932892403,14.620165745856362,938.0
2016,AĞRI,14306,30811,-16505,80,-4.2363399017840475,-13.803699463758512,-928.0
2017,AĞRI,15088,32479,-17391,80,5.4136509688098355,5.466237942122176,-886.0
2018,AĞRI,20091,29482,-9391,80,-9.227500846700941,33.158801696712615,8000.0
2019,AĞRI,16342,28158,-11816,80,-4.490875788616789,-18.66009656064904,-2425.0
2020,AĞRI,14626,24353,-9727,80,-13.513033596136093,-10.500550728185043,2089.0
2021,AĞRI,14858,34800,-19942,80,42.898205559889945,1.586216327088752,-10215.0
2022,AĞRI,16871,37676,-20805,80,8.264367816091944,13.548256831336648,-863.0
2023,AĞRI,23324,30696,-7372,80,-18.526382843189293,38.24906644537964,13433.0
2008,BALIKESİR,37407,31129,6278,80,,,
2009,BALIKESİR,33275,31291,1984,80,0.5204150470622171,-11.046060897692945,-4294.0
2010,BALIKESİR,36784,35162,1622,80,12.370969288293754,10.545454545454547,-362.0
2011,BALIKESİR,37143,36638,505,80,4.197713440646145,0.9759678120922155,-1117.0
2012,BALIKESİR,34922,35315,-393,80,-3.6110049675200595,-5.97959238618313,-898.0
2013,BALIKESİR,38710,39688,-978,80,12.382840152909536,10.847030525170375,-585.0
2014,BALIKESİR,57551,39918,17633,80,0.5795202580124892,48.67217773185224,18611.0
2015,BALIKESİR,43296,48892,-5596,80,22.48108622676486,-24.76933502458689,-23229.0
2016,BALIKESİR,43475,38566,4909,80,-21.12001963511413,0.41343311160384477,10505.0
2017,BALIKESİR,43998,40371,3627,80,4.6802883368770365,1.20299022426682,-1282.0
2018,BALIKESİR,55238,40028,15210,80,-0.8496197765722968,25.546615755261605,11583.0
2019,BALIKESİR,41467,42931,-1464,80,7.2524233036874275,-24.930301603968285,-16674.0
2020,BALIKESİR,40715,31561,9154,80,-26.484358621974803,-1.813490245255267,10618.0
2021,BALIKESİR,50218,40287,9931,80,27.648046639840306,23.340292275574104,777.0
2022,BALIKESİR,49652,40975,8677,80,1.7077469158785608,-1.1270859054522298,-1254.0
2023,BALIKESİR,60574,43098,17476,80,5.181208053691266,21.997099814710385,8799.0
2008,BARTIN,8418,6325,2093,80,,,
2009,BARTIN,7566,7104,462,80,12.316205533596847,-10.121168923734858,-1631.0
2010,BARTIN,6902,7859,-957,80,10.627815315315313,-8.776103621464449,-1419.0
2011,BARTIN,6560,7619,-1059,80,-3.0538236416846942,-4.955085482468846,-102.0
2012,BARTIN,7145,7330,-185,80,-3.7931487071794168,8.917682926829261,874.0
2013,BARTIN,7886,8133,-247,80,10.954979536152788,10.37088873337999,-62.0
2014,BARTIN,7794,8903,-1109,80,9.467601131193891,-1.166624397666749,-862.0
2015,BARTIN,8872,8113,759,80,-8.87341345613838,13.831152168334615,1868.0
2016,BARTIN,8940,8108,832,80,-0.0616294835449227,0.7664562669071229,73.0
2017,BARTIN,8759,8144,615,80,0.44400592007893813,-2.0246085011185633,-217.0
2018,BARTIN,13399,8813,4586,80,8.214636542239685,52.974083799520486,3971.0
2019,BARTIN,9423,10708,-1285,80,21.50232610915692,-29.6738562579297,-5871.0
2020,BARTIN,7585,7441,144,80,-30.50989914082929,-19.50546535073756,1429.0
2021,BARTIN,10907,8794,2113,80,18.18303991399006,43.79696769940673,1969.0
2022,BARTIN,9990,8634,1356,80,-1.8194223334091375,-8.407444760245719,-757.0
2023,BARTIN,13197,8926,4271,80,3.381978225619653,32.102102102102094,2915.0
2008,BATMAN,16467,19669,-3202,80,,,
2009,BATMAN,18326,16855,1471,80,-14.306777162031626,11.28924515698062,4673.0
2010,BATMAN,19561,18839,722,80,11.770987837436952,6.739059260067659,-749.0
2011,BATMAN,18429,19902,-1473,80,5.6425500291947595,-5.787025203210472,-2195.0
2012,BATMAN,15906,20739,-4833,80,4.20560747663552,-13.690379293504806,-3360.0
2013,BATMAN,18816,20209,-1393,80,-2.5555716283330976,18.29498302527348,3440.0
2014,BATMAN,18543,21515,-2972,80,6.462467217576329,-1.4508928571428603,-1579.0
2015,BATMAN,18872,23216,-4344,80,7.9061120148733455,1.77425443563608,-1372.0
2016,BATMAN,18757,21489,-2732,80,-7.438835286009649,-0.6093683764306856,1612.0
2017,BATMAN,19889,22323,-2434,80,3.8810554237051598,6.035080236711621,298.0
2018,BATMAN,23099,22525,574,80,0.9048962953008166,16.139574639247822,3008.0
2019,BATMAN,20902,23325,-2423,80,3.5516093229744694,-9.511234252565048,-2997.0
2020,BATMAN,18598,17593,1005,80,-24.574490889603428,-11.022868625011961,3428.0
2021,BATMAN,19002,24411,-5409,80,38.75404990621269,2.1722765888805284,-6414.0
2022,BATMAN,20528,24070,-3542,80,-1.3969112285445062,8.030733606988738,1867.0
2023,BATMAN,27888,25138,2750,80,4.43705857914416,35.8534684333593,6292.0
2008,BAYBURT,2996,4949,-1953,80,,,
2009,BAYBURT,3101,4420,-1319,80,-10.689028086482121,3.5046728971962704,634.0
2010,BAYBURT,3984,4780,-796,80,8.14479638009049,28.474685585295067,523.0
2011,BAYBURT,3997,4570,-573,80,-4.3933054393305415,0.3263052208835271,223.0
2012,BAYBURT,3664,4085,-421,80,-10.612691466083145,-8.331248436327243,152.0
2013,BAYBURT,4787,4677,110,80,14.49204406364748,30.649563318777282,531.0
2014,BAYBURT,8912,5583,3329,80,19.371391917896098,86.1708794652183,3219.0
2015,BAYBURT,7150,9281,-2131,80,66.2367902561347,-19.771095152603234,-5460.0
2016,BAYBURT,16981,6653,10328,80,-28.315914233380024,137.4965034965035,12459.0
2017,BAYBURT,5648,15820,-10172,80,137.78746430181874,-66.73929686119781,-20500.0
2018,BAYBURT,9450,7772,1678,80,-50.87231352718078,67.3158640226629,11850.0
2019,BAYBURT,9131,7882,1249,80,1.4153371075656285,-3.3756613756613763,-429.0
2020,BAYBURT,4427,7433,-3006,80,-5.696523724942903,-51.516810864089365,-4255.0
2021,BAYBURT,9019,6382,2637,80,-14.139647517825916,103.72712898125141,5643.0
2022,BAYBURT,7031,8232,-1201,80,28.987778125979325,-22.04235502827364,-3838.0
2023,BAYBURT,10202,8309,1893,80,0.9353741496598733,45.10027023183048,3094.0
2008,BOLU,10049,11032,-983,80,,,
2009,BOLU,12808,10124,2684,80,-8.230601885424216,27.45546820579161,3667.0
2010,BOLU,11874,11926,-52,80,17.799288818648762,-7.292317301686446,-2736.0
2011,BOLU,12545,11386,1159,80,-4.527922186818712,5.651002189658083,1211.0
2012,BOLU,13136,9677,3459,80,-15.00966098717723,4.711040255081711,2300.0
2013,BOLU,13138,12401,737,80,28.14921979952465,0.01522533495736944,-2722.0
2014,BOLU,13264,13065,199,80,5.354406902669129,0.959050083726587,-538.0
2015,BOLU,14681,12401,2280,80,-5.082280903176429,10.68305186972256,2081.0
2016,BOLU,18528,11762,6766,80,-5.1528102572373164,26.203937061508075,4486.0
2017,BOLU,14839,13643,1196,80,15.992178200986217,-19.910405872193436,-5570.0
2018,BOLU,18307,14827,3480,80,8.678443157663263,23.370847092122116,2284.0
2019,BOLU,15997,15068,929,80,1.6254130977271242,-12.618124214781234,-2551.0
2020,BOLU,11430,12565,-1135,80,-16.61136182638705,-28.549102956804408,-2064.0
2021,BOLU,18470,14162,4308,80,12.709908475925191,61.59230096237971,5443.0
2022,BOLU,15750,14224,1526,80,0.4377912724191413,-14.726583649160796,-2782.0
2023,BOLU,18099,15105,2994,80,6.193757030371194,14.914285714285725,1468.0
2008,BURDUR,9674,10019,-345,80,,,
2009,BURDUR,8144,8659,-515,80,-13.574209002894499,-15.815588174488315,-170.0
2010,BURDUR,9439,8904,535,80,2.829426030719473,15.901277013752457,1050.0
2011,BURDUR,8873,9712,-839,80,9.074573225516612,-5.9963979235088445,-1374.0
2012,BURDUR,11473,8497,2976,80,-12.510296540362443,29.30237800067621,3815.0
2013,BURDUR,11156,10001,1155,80,17.70036483464752,-2.763008803277256,-1821.0
2014,BURDUR,10235,12271,-2036,80,22.6977302269773,-8.255647185371096,-3191.0
2015,BURDUR,12537,12247,290,80,-0.1955830820633997,22.49145090376161,2326.0
2016,BURDUR,12337,11059,1278,80,-9.700334775863473,-1.5952779771875258,988.0
2017,BURDUR,12745,11786,959,80,6.573831268649966,3.307124908810888,-319.0
2018,BURDUR,15417,12537,2880,80,6.371966740200241,20.965084346802666,1921.0
2019,BURDUR,12134,13603,-1469,80,8.502831618409502,-21.294674709736007,-4349.0
2020,BURDUR,9201,11422,-2221,80,-16.033227964419616,-24.17174880501072,-752.0
2021,BURDUR,15859,11489,4370,80,0.5865872876904321,72.36169981523747,6591.0
2022,BURDUR,14684,13187,1497,80,14.779354164853341,-7.409042184248693,-2873.0
2023,BURDUR,18013,14536,3477,80,10.229771744900273,22.670934350313267,1980.0
2008,BURSA,82964,47370,35594,80,,,
2009,BURSA,66615,56368,10247,80,18.995144606290904,-19.706137601851403,-25347.0
2010,BURSA,72640,57220,15420,80,1.5114958841896176,9.04450949485851,5173.0
2011,BURSA,74243,58258,15985,80,1.8140510311080105,2.206773127753303,565.0
2012,BURSA,67736,61520,6216,80,5.59923100690034,-8.764462642942771,-9769.0
2013,BURSA,75518,61744,13774,80,0.3641092327698381,11.48872091649935,7558.0
2014,BURSA,80717,65027,15690,80,5.317115833117381,6.88445138907281,1916.0
2015,BURSA,84253,64558,19695,80,-0.7212388700078454,4.380737638911247,4005.0
2016,BURSA,84458,63812,20646,80,-1.1555500480188385,0.2433147781087941,951.0
2017,BURSA,86119,64905,21214,80,1.7128439791888717,1.966657983849962,568.0
2018,BURSA,80940,80086,854,80,23.389569370618602,-6.013771641565735,-20360.0
2019,BURSA,85596,68356,17240,80,-14.646754738655943,5.752409191994068,16386.0
2020,BURSA,77039,53940,23099,80,-21.089589794604713,-9.996962474881999,5859.0
2021,BURSA,92019,76678,15341,80,42.1542454579162,19.444696841859322,-7758.0
2022,BURSA,90863,70447,20416,80,-8.126190041472125,-1.2562622936567402,5075.0
2023,BURSA,95935,89763,6172,80,27.41919457180575,5.582030089255263,-14244.0
2008,BİLECİK,8206,8793,-587,80,,,
2009,BİLECİK,8283,8251,32,80,-6.163994086204938,0.9383378016085686,619.0
2010,BİLECİK,8876,8690,186,80,5.320567203975268,7.159241820596396,154.0
2011,BİLECİK,9250,8914,336,80,2.5776754890678877,4.213609734114465,150.0
2012,BİLECİK,10387,8118,2269,80,-8.929773390172757,12.291891891891883,1933.0
2013,BİLECİK,10231,9202,1029,80,13.353042621335298,-1.5018773466833557,-1240.0
2014,BİLECİK,10090,10114,-24,80,9.910888937187568,-1.378164402306714,-1053.0
2015,BİLECİK,10890,9806,1084,80,-3.0452837650781106,7.9286422200198325,1108.0
2016,BİLECİK,11031,9911,1120,80,1.0707729961248136,1.294765840220391,36.0
2017,BİLECİK,11744,9359,2385,80,-5.569569165573607,6.463602574562599,1265.0
2018,BİLECİK,11956,12597,-641,80,34.597713430922106,1.805177111716616,-3026.0
2019,BİLECİK,10565,10582,-17,80,-15.995872033023739,-11.634325861492133,624.0
2020,BİLECİK,8297,8439,-142,80,-20.251370251370247,-21.467108376715572,-125.0
2021,BİLECİK,11974,8855,3119,80,4.929494015878655,44.31722309268411,3261.0
2022,BİLECİK,12078,9453,2625,80,6.7532467532467555,0.86854852179723,-494.0
2023,BİLECİK,13762,11323,2439,80,19.782079763038183,13.94270574598444,-186.0
2008,BİNGÖL,8977,10192,-1215,80,,,
2009,BİNGÖL,6986,10726,-3740,80,5.239403453689162,-22.178901637518102,-2525.0
2010,BİNGÖL,8453,10448,-1995,80,-2.5918329293305953,20.999141139421695,1745.0
2011,BİNGÖL,9292,10782,-1490,80,3.1967840735068975,9.925470247249502,505.0
2012,BİNGÖL,7569,11145,-3576,80,3.366722314969395,-18.54283254412398,-2086.0
2013,BİNGÖL,10968,10940,28,80,-1.8393898609241788,44.9068569163694,3604.0
2014,BİNGÖL,9400,12852,-3452,80,17.477148080438766,-14.296134208606858,-3480.0
2015,BİNGÖL,9906,13122,-3216,80,2.1008403361344463,5.3829787234042525,236.0
2016,BİNGÖL,10304,11205,-901,80,-14.609053497942382,4.017767009893003,2315.0
2017,BİNGÖL,11979,11941,38,80,6.568496207050423,16.255822981366453,939.0
2018,BİNGÖL,15770,12216,3554,80,2.3029896993551624,31.6470490024209,3516.0
2019,BİNGÖL,11266,14879,-3613,80,21.799279633267844,-28.560558021559924,-7167.0
2020,BİNGÖL,9497,10633,-1136,80,-28.536864036561592,-15.702112551038528,2477.0
2021,BİNGÖL,12027,13376,-1349,80,25.797046929370836,26.639991576287247,-213.0
2022,BİNGÖL,11900,14926,-3026,80,11.587918660287077,-1.0559574291178153,-1677.0
2023,BİNGÖL,15784,14325,1459,80,-4.026530885702806,32.63865546218487,4485.0
2008,BİTLİS,11721,20957,-9236,80,,,
2009,BİTLİS,11594,16485,-4891,80,-21.33893209905998,-1.0835252964764064,4345.0
2010,BİTLİS,10800,15347,-4547,80,-6.903245374582956,-6.848369846472313,344.0
2011,BİTLİS,11419,16610,-5191,80,8.229621424382616,5.731481481481482,-644.0
2012,BİTLİS,10998,16886,-5888,80,1.6616496086694799,-3.686837726596026,-697.0
2013,BİTLİS,11314,16174,-4860,80,-4.216510718938771,2.873249681760326,1028.0
2014,BİTLİS,11447,17470,-6023,80,8.012860145913203,1.1755347357256474,-1163.0
2015,BİTLİS,11936,18801,-6865,80,7.618775042930737,4.271861623132689,-842.0
2016,BİTLİS,12571,18074,-5503,80,-3.866815594915163,5.320040214477206,1362.0
2017,BİTLİS,12989,19097,-6108,80,5.660064180590907,3.3251133561371438,-605.0
2018,BİTLİS,17602,17398,204,80,-8.896685343247634,35.51466625606283,6312.0
2019,BİTLİS,12385,19050,-6665,80,9.495344292447406,-29.63867742302011,-6869.0
2020,BİTLİS,12050,14223,-2173,80,-25.338582677165356,-2.7048849414614495,4492.0
2021,BİTLİS,14158,18814,-4656,80,32.278703508401875,17.493775933609967,-2483.0
2022,BİTLİS,15111,19885,-4774,80,5.692569363240141,6.731176719875687,-118.0
2023,BİTLİS,19286,19795,-509,80,-0.4526024641689719,27.628879624114887,4265.0
2008,DENİZLİ,22721,22120,601,80,,,
2009,DENİZLİ,20119,21706,-1587,80,-1.8716094032549702,-11.451960741164557,-2188.0
2010,DENİZLİ,21863,23468,-1605,80,8.117571178476002,8.668422883841153,-18.0
2011,DENİZLİ,23454,23853,-399,80,1.6405317879665926,7.2771348854228535,1206.0
2012,DENİZLİ,24446,21992,2454,80,-7.801953632666747,4.229555726102152,2853.0
2013,DENİZLİ,27088,24039,3049,80,9.307930156420507,10.807494068559276,595.0
2014,DENİZLİ,28279,24771,3508,80,3.045051790839892,4.396780862374494,459.0
2015,DENİZLİ,30185,24961,5224,80,0.7670259577732041,6.7399837335125,1716.0
2016,DENİZLİ,28170,24794,3376,80,-0.6690437081847689,-6.675501076693724,-1848.0
2017,DENİZLİ,28855,25466,3389,80,2.710333145115751,2.431664891728791,13.0
2018,DENİZLİ,28047,28906,-859,80,13.508207021126207,-2.80020793623289,-4248.0
2019,DENİZLİ,26235,27146,-911,80,-6.088701307686984,-6.460584019681248,-52.0
2020,DENİZLİ,22534,21370,1164,80,-21.277536285272237,-14.107108824089954,2075.0
2021,DENİZLİ,30589,27480,3109,80,28.591483387927006,35.745983846631745,1945.0
2022,DENİZLİ,29528,26478,3050,80,-3.646288209606985,-3.468567131975542,-59.0
2023,DENİZLİ,32655,29994,2661,80,13.27894856106957,10.589948523435378,-389.0
2008,DÜZCE,10723,8913,1810,80,,,
2009,DÜZCE,11752,9046,2706,80,1.4922024009873303,9.596195094656345,896.0
2010,DÜZCE,11820,10893,927,80,20.417864249392004,0.5786249149080991,-1779.0
2011,DÜZCE,11253,10679,574,80,-1.9645643991554218,-4.796954314720814,-353.0
2012,DÜZCE,10432,10579,-147,80,-0.9364172675344173,-7.295832222518439,-721.0
2013,DÜZCE,12367,11306,1061,80,6.872105113904903,18.54869631901841,1208.0
2014,DÜZCE,11980,12249,-269,80,8.340704050946401,-3.129295706315194,-1330.0
2015,DÜZCE,13434,12088,1346,80,-1.3143930116744196,12.136894824707856,1615.0
2016,DÜZCE,15958,11119,4839,80,-8.016214427531432,18.788149471490257,3493.0
2017,DÜZCE,15023,11387,3636,80,2.41028869502653,-5.859130216819153,-1203.0
2018,DÜZCE,17445,12790,4655,80,12.321067884429615,16.121946348931647,1019.0
2019,DÜZCE,15454,14798,656,80,15.699765441751378,-11.413012324448268,-3999.0
2020,DÜZCE,11757,10565,1192,80,-28.605216921205567,-23.922609033260002,536.0
2021,DÜZCE,16828,14191,2637,80,34.3208707998107,43.131751297099605,1445.0
2022,DÜZCE,17049,15220,1829,80,7.251074624762177,1.3132873781792176,-808.0
2023,DÜZCE,19891,16124,3767,80,5.9395532194481016,16.66959938999355,1938.0
2008,DİYARBAKIR,31677,47777,-16100,80,,,
2009,DİYARBAKIR,32384,43918,-11534,80,-8.07710823199448,2.2319032736686006,4566.0
2010,DİYARBAKIR,34810,44858,-10048,80,2.1403524750671643,7.491353754940722,1486.0
2011,DİYARBAKIR,36622,46834,-10212,80,4.405011369209499,5.2054007469118035,-164.0
2012,DİYARBAKIR,30789,47575,-16786,80,1.5821838835034407,-15.927584512041937,-6574.0
2013,DİYARBAKIR,35466,47949,-12483,80,0.7861271676300685,15.19049011010425,4303.0
2014,DİYARBAKIR,36920,48019,-11099,80,0.1459884460572658,4.099701122201549,1384.0
2015,DİYARBAKIR,36124,56025,-19901,80,16.672567108852743,-2.1560130010834233,-8802.0
2016,DİYARBAKIR,39177,55604,-16427,80,-0.751450245426144,8.451445022699588,3474.0
2017,DİYARBAKIR,40493,48983,-8490,80,-11.907416732609166,3.359113765729882,7937.0
2018,DİYARBAKIR,43836,50822,-6986,80,3.754363758855117,8.255747907045663,1504.0
2019,DİYARBAKIR,42329,49730,-7401,80,-2.148675770335684,-3.437813669130396,-415.0
2020,DİYARBAKIR,39101,42992,-3891,80,-13.549165493665793,-7.625977462259915,3510.0
2021,DİYARBAKIR,40414,60761,-20347,80,41.33094529214738,3.3579703843891417,-16456.0
2022,DİYARBAKIR,45963,59751,-13788,80,-1.6622504567074259,13.730390458751906,6559.0
2023,DİYARBAKIR,49440,63878,-14438,80,6.906997372428902,7.564780366816781,-650.0
2008,EDİRNE,11202,14249,-3047,80,,,
2009,EDİRNE,15183,12910,2273,80,-9.397150677240507,35.5382967327263,5320.0
2010,EDİRNE,14019,14830,-811,80,14.872192099147941,-7.666469077257454,-3084.0
2011,EDİRNE,14494,14588,-94,80,-1.6318273769386327,3.3882587916399087,717.0
2012,EDİRNE,14813,13675,1138,80,-6.2585686865917145,2.20091072167794,1232.0
2013,EDİRNE,16255,17000,-745,80,24.314442413162695,9.734692499831233,-1883.0
2014,EDİRNE,16431,17108,-677,80,0.6352941176470672,1.082743771147343,68.0
2015,EDİRNE,18779,17458,1321,80,2.0458265139116305,14.29006146917413,1998.0
2016,EDİRNE,16623,17190,-567,80,-1.535112842249975,-11.48090952659886,-1888.0
2017,EDİRNE,19125,15999,3126,80,-6.928446771378704,15.05143475906876,3693.0
2018,EDİRNE,18792,17162,1630,80,7.26920432527034,-1.7411764705882349,-1496.0
2019,EDİRNE,16864,16761,103,80,-2.3365575107796244,-10.259684972328653,-1527.0
2020,EDİRNE,12252,14264,-2012,80,-14.897679136089737,-27.348197343453506,-2115.0
2021,EDİRNE,19443,15822,3621,80,10.92260235558049,58.69245837414299,5633.0
2022,EDİRNE,19699,16197,3502,80,2.3701175578308753,1.3166692382862832,-119.0
2023,EDİRNE,22281,17181,5100,80,6.075199110946472,13.107264328138491,1598.0
2008,ELAZIĞ,15294,18813,-3519,80,,,
2009,ELAZIĞ,15900,18001,-2101,80,-4.316164354435759,3.9623381718320916,1418.0
2010,ELAZIĞ,15551,19438,-3887,80,7.9828898394533665,-2.19496855345912,-1786.0
2011,ELAZIĞ,16862,20054,-3192,80,3.169050313818289,8.430326024049894,695.0
2012,ELAZIĞ,17108,18344,-1236,80,-8.526977161663506,1.4589016723994819,1956.0
2013,ELAZIĞ,21433,21303,130,80,16.130614914958574,25.28057049333645,1366.0
2014,ELAZIĞ,19724,24162,-4438,80,13.42064497958033,-7.9736854383427485,-4568.0
2015,ELAZIĞ,22170,21699,471,80,-10.193692575117952,12.40113567227743,4909.0
2016,ELAZIĞ,18990,20519,-1529,80,-5.438038619291207,-14.343707713125841,-2000.0
2017,ELAZIĞ,20406,22054,-1648,80,7.480871387494514,7.456556082148502,-119.0
2018,ELAZIĞ,30152,24358,5794,80,10.447084429128495,47.760462609036544,7442.0
2019,ELAZIĞ,20343,29248,-8905,80,20.07553986369981,-32.53183868400106,-14699.0
2020,ELAZIĞ,15529,21166,-5637,80,-27.632658643326035,-23.664159661800134,3268.0
2021,ELAZIĞ,20800,22429,-1629,80,5.96711707455353,33.94294545688712,4008.0
2022,ELAZIĞ,21060,22271,-1211,80,-0.7044451379909944,1.2499999999999956,418.0
2023,ELAZIĞ,35924,24456,11468,80,9.810964931974308,70.57929724596393,12679.0
2008,ERZURUM,18999,43585,-24586,80,,,
2009,ERZURUM,24830,33681,-8851,80,-22.723414018584375,30.691089004684446,15735.0
2010,ERZURUM,23294,35711,-12417,80,6.0271369614916415,-6.186065243656868,-3566.0
2011,ERZURUM,27719,33599,-5880,80,-5.914144101257312,18.996308062161926,6537.0
2012,ERZURUM,22551,33234,-10683,80,-1.086341855412365,-18.64425123561456,-4803.0
2013,ERZURUM,23398,39997,-16599,80,20.34964193296023,3.7559310008425273,-5916.0
2014,ERZURUM,27994,45209,-17215,80,13.030977323299254,19.642704504658525,-616.0
2015,ERZURUM,29624,41803,-12179,80,-7.533898117631443,5.822676287775952,5036.0
2016,ERZURUM,26957,36340,-9383,80,-13.06844006411023,-9.002835538752363,2796.0
2017,ERZURUM,26624,37358,-10734,80,2.801320858558065,-1.2353006640204778,-1351.0
2018,ERZURUM,32501,35431,-2930,80,-5.158199047058199,22.074068509615373,7804.0
2019,ERZURUM,26819,40401,-13582,80,14.027264260111206,-17.482538998800035,-10652.0
2020,ERZURUM,20405,30220,-9815,80,-25.1998712903146,-23.915880532458335,3767.0
2021,ERZURUM,28554,36798,-8244,80,21.767041694242216,39.936290124969375,1571.0
2022,ERZURUM,26629,39159,-12530,80,6.416109571172357,-6.741612383553964,-4286.0
2023,ERZURUM,34129,38115,-3986,80,-2.666053780740063,28.164782755642335,8544.0
2008,ERZİNCAN,10977,11976,-999,80,,,
2009,ERZİNCAN,11966,11189,777,80,-6.571476285905142,9.009747654186029,1776.0
2010,ERZİNCAN,14198,12365,1833,80,10.51032263830547,18.65284974093264,1056.0
2011,ERZİNCAN,11523,14218,-2695,80,14.985847149211473,-18.840681786167067,-4528.0
2012,ERZİNCAN,12192,10649,1543,80,-25.10198340132227,5.805779744858119,4238.0
2013,ERZİNCAN,12662,12884,-222,80,20.987886186496386,3.8549868766404094,-1765.0
2014,ERZİNCAN,15450,13641,1809,80,5.875504501707551,22.018638445743164,2031.0
2015,ERZİNCAN,14062,16766,-2704,80,22.908877648266255,-8.983818770226538,-4513.0
2016,ERZİNCAN,12666,12748,-82,80,-23.96516760109746,-9.927464087612003,2622.0
2017,ERZİNCAN,15162,14210,952,80,11.46846564166928,19.706300331596395,1034.0
2018,ERZİNCAN,19727,17511,2216,80,23.23011963406052,30.108165149716392,1264.0
2019,ERZİNCAN,14496,17555,-3059,80,0.2512706298897882,-26.5169564556192,-5275.0
2020,ERZİNCAN,10907,10998,-91,80,-37.35118199943036,-24.75855408388521,2968.0
2021,ERZİNCAN,16049,13564,2485,80,23.33151482087652,47.144035940221876,2576.0
2022,ERZİNCAN,15946,15542,404,80,14.582718961958129,-0.6417845348619888,-2081.0
2023,ERZİNCAN,19786,19054,732,80,22.59683438424913,24.081274300765077,328.0
2008,ESKİŞEHİR,31731,21970,9761,80,,,
2009,ESKİŞEHİR,32346,23225,9121,80,5.712335002275837,1.9381677224165728,-640.0
2010,ESKİŞEHİR,31662,26780,4882,80,15.306781485468246,-2.114635503617135,-4239.0
2011,ESKİŞEHİR,35045,27908,7137,80,4.212098581030621,10.684732486892813,2255.0
2012,ESKİŞEHİR,32363,25299,7064,80,-9.34857388562419,-7.653017548865748,-73.0
2013,ESKİŞEHİR,33893,28329,5564,80,11.976757974623498,4.727621048728481,-1500.0
2014,ESKİŞEHİR,35927,27977,7950,80,-1.2425429771612095,6.001239193933849,2386.0
2015,ESKİŞEHİR,36041,28298,7743,80,1.14737105479501,0.3173101010382151,-207.0
2016,ESKİŞEHİR,36687,25785,10902,80,-8.880486253445474,1.7924030964734605,3159.0
2017,ESKİŞEHİR,38060,27799,10261,80,7.8107426798526225,3.7424700847711767,-641.0
2018,ESKİŞEHİR,35995,32946,3049,80,18.51505449836326,-5.425643720441409,-7212.0
2019,ESKİŞEHİR,36757,29543,7214,80,-10.329023250166935,2.1169606889845705,4165.0
2020,ESKİŞEHİR,25376,25533,-157,80,-13.57343533155062,-30.96280980493511,-7371.0
2021,ESKİŞEHİR,36776,31532,5244,80,23.495084792229658,44.92433795712485,5401.0
2022,ESKİŞEHİR,37278,29766,7512,80,-5.600659647342388,1.3650206656515174,2268.0
2023,ESKİŞEHİR,45072,34020,11052,80,14.29147349324733,20.90777402221149,3540.0
2008,GAZİANTEP,37184,36229,955,80,,,
2009,GAZİANTEP,36075,34125,1950,80,-5.807502277181264,-2.982465576592086,995.0
2010,GAZİANTEP,40380,36327,4053,80,6.4527472527472485,11.933471933471939,2103.0
2011,GAZİANTEP,45991,38634,7357,80,6.350648278140225,13.89549281822684,3304.0
2012,GAZİANTEP,41672,39410,2262,80,2.008593466894437,-9.390967798047445,-5095.0
2013,GAZİANTEP,41978,42291,-313,80,7.310327328089317,0.734306008830865,-2575.0
2014,GAZİANTEP,46438,44415,2023,80,5.022345179825494,10.624612892467479,2336.0
2015,GAZİANTEP,46435,48858,-2423,80,10.003377237419798,-0.006460226538607117,-4446.0
2016,GAZİANTEP,45726,50003,-4277,80,2.3435261369683547,-1.526865510929254,-1854.0
2017,GAZİANTEP,47431,50485,-3054,80,0.9639421634701995,3.7287320124218093,1223.0
2018,GAZİANTEP,44704,62206,-17502,80,23.21679706843618,-5.749404397967572,-14448.0
2019,GAZİANTEP,52268,53517,-1249,80,-13.968105970485167,16.92018611309949,16253.0
2020,GAZİANTEP,42040,41179,861,80,-23.05435655959789,-19.56837835769496,2110.0
2021,GAZİANTEP,50203,57475,-7272,80,39.573569052186784,19.41722169362512,-8133.0
2022,GAZİANTEP,50192,55699,-5507,80,-3.0900391474554145,-0.021911041172839596,1765.0
2023,GAZİANTEP,65524,73835,-8311,80,32.560728199788144,30.546700669429395,-2804.0
2008,GÜMÜŞHANE,9281,9073,208,80,,,
2009,GÜMÜŞHANE,8681,10444,-1763,80,15.110768213380354,-6.4648206012283165,-1971.0
2010,GÜMÜŞHANE,8848,10128,-1280,80,-3.025660666411334,1.9237415044349726,483.0
2011,GÜMÜŞHANE,10426,8988,1438,80,-11.255924170616115,17.834538878842675,2718.0
2012,GÜMÜŞHANE,11166,9001,2165,80,0.14463729417000248,7.097640514099357,727.0
2013,GÜMÜŞHANE,16677,11162,5515,80,24.00844350627709,49.35518538420205,3350.0
2014,GÜMÜŞHANE,18811,16071,2740,80,43.97957355312667,12.79606643880793,-2775.0
2015,GÜMÜŞHANE,20437,17737,2700,80,10.366498662186551,8.64387858168094,-40.0
2016,GÜMÜŞHANE,26681,18343,8338,80,3.416586795963239,30.55242941723344,5638.0
2017,GÜMÜŞHANE,18795,27348,-8553,80,49.092296788965825,-29.55661332034032,-16891.0
2018,GÜMÜŞHANE,30333,22764,7569,80,-16.761737604212378,61.38866719872307,16122.0
2019,GÜMÜŞHANE,16158,25477,-9319,80,11.917940607977506,-46.73128276134902,-16888.0
2020,GÜMÜŞHANE,7151,19116,-11965,80,-24.967617851395374,-55.743285060032186,-2646.0
2021,GÜMÜŞHANE,14114,11611,2503,80,-39.26030550324335,97.37099706334777,14468.0
2022,GÜMÜŞHANE,11496,15580,-4084,80,34.18310223064336,-18.548958480940914,-6587.0
2023,GÜMÜŞHANE,24177,13873,10304,80,-10.956354300385108,110.3079331941545,14388.0
2008,GİRESUN,20089,18539,1550,80,,,
2009,GİRESUN,16970,19567,-2597,80,5.545067155725758,-15.525909701826867,-4147.0
2010,GİRESUN,17474,20514,-3040,80,4.839781264373699,2.9699469652327615,-443.0
2011,GİRESUN,17058,19346,-2288,80,-5.693672613824708,-2.3806798672313167,752.0
2012,GİRESUN,18027,17861,166,80,-7.676005375788275,5.6806190643686305,2454.0
2013,GİRESUN,23453,20170,3283,80,12.927607636750471,30.099295501192657,3117.0
2014,GİRESUN,26857,23620,3237,80,17.104610808130882,14.514134652283284,-46.0
2015,GİRESUN,22308,26942,-4634,80,14.064352243861133,-16.937856052425815,-7871.0
2016,GİRESUN,35376,20284,15092,80,-24.712345037487935,58.579881656804744,19726.0
2017,GİRESUN,25529,34675,-9146,80,70.94754486294616,-27.83525554047942,-24238.0
2018,GİRESUN,40358,25953,14405,80,-25.15356885364095,58.086881585647696,23551.0
2019,GİRESUN,22595,30580,-7985,80,17.828382075289937,-44.013578472669614,-22390.0
2020,GİRESUN,17654,17368,286,80,-43.20470896010464,-21.867669838459836,8271.0
2021,GİRESUN,21392,19575,1817,80,12.70727775218794,21.1736716891356,1531.0
2022,GİRESUN,20947,20130,817,80,2.8352490421456045,-2.0802169035153306,-1000.0
2023,GİRESUN,35227,22520,12707,80,11.872826626924994,68.17205327731895,11890.0
2008,HAKKARİ,7801,6981,820,80,,,
2009,HAKKARİ,4314,7949,-3635,80,13.86620827961611,-44.69939751313934,-4455.0
2010,HAKKARİ,6013,9225,-3212,80,16.052333626871306,39.38340287436255,423.0
2011,HAKKARİ,8775,9133,-358,80,-0.9972899728997286,45.93381007816397,2854.0
2012,HAKKARİ,5622,10137,-4515,80,10.993101938026939,-35.93162393162393,-4157.0
2013,HAKKARİ,8007,10293,-2286,80,1.5389168393015629,42.42262540021344,2229.0
2014,HAKKARİ,7187,10897,-3710,80,5.868065675701928,-10.241039090795557,-1424.0
2015,HAKKARİ,8216,12983,-4767,80,19.142883362393313,14.317517740364538,-1057.0
2016,HAKKARİ,5945,16067,-10122,80,23.754140029269056,-27.641187925998057,-5355.0
2017,HAKKARİ,9997,10380,-383,80,-35.39553121304537,68.15811606391927,9739.0
2018,HAKKARİ,12756,10156,2600,80,-2.157996146435448,27.598279483845147,2983.0
2019,HAKKARİ,6898,12719,-5821,80,25.236313509255616,-45.923486986516146,-8421.0
2020,HAKKARİ,7227,8421,-1194,80,-33.79196477710512,4.769498405334871,4627.0
2021,HAKKARİ,7886,13088,-5202,80,55.42097138107114,9.118583091185828,-4008.0
2022,HAKKARİ,9783,13928,-4145,80,6.4180929095354555,24.055287851889418,1057.0
2023,HAKKARİ,14956,12732,2224,80,-8.587018954623781,52.87744045793723,6369.0
2008,HATAY,29459,32624,-3165,80,,,
2009,HATAY,28547,32296,-3749,80,-1.0053948013732272,-3.095828100071285,-584.0
2010,HATAY,29752,33730,-3978,80,4.440178350260093,4.221109048236249,-229.0
2011,HATAY,29509,37164,-7655,80,10.180847909872526,-0.8167518150040354,-3677.0
2012,HATAY,27260,35139,-7879,80,-5.448821440103324,-7.621403639567593,-224.0
2013,HATAY,29067,39315,-10248,80,11.884231196106887,6.628760088041097,-2369.0
2014,HATAY,32678,39181,-6503,80,-0.34083683072618776,12.423022671758343,3745.0
2015,HATAY,32868,41519,-8651,80,5.967177968913506,0.5814309321255928,-2148.0
2016,HATAY,34195,37627,-3432,80,-9.374021532310506,4.037361567482045,5219.0
2017,HATAY,33745,40623,-6878,80,7.962367448906371,-1.3159818686942493,-3446.0
2018,HATAY,36499,42655,-6156,80,5.002092410703307,8.161209068010077,722.0
2019,HATAY,35244,42067,-6823,80,-1.3785019341226112,-3.438450368503243,-667.0
2020,HATAY,35160,29265,5895,80,-30.432405448451284,-0.23833844058562814,12718.0
2021,HATAY,35929,49001,-13072,80,67.43892021185715,2.187144482366321,-18967.0
2022,HATAY,39530,47597,-8067,80,-2.8652476480071853,10.022544462690309,5005.0
2023,HATAY,37068,164247,-127179,80,245.0784713322268,-6.228181128257015,-119112.0
2008,ISPARTA,17997,16800,1197,80,,,
2009,ISPARTA,18633,15822,2811,80,-5.821428571428566,3.53392232038674,1614.0
2010,ISPARTA,15017,18255,-3238,80,15.377322715206665,-19.40642945312081,-6049.0
2011,ISPARTA,15325,18269,-2944,80,0.07669131744727498,2.051008856629144,294.0
2012,ISPARTA,19731,14330,5401,80,-21.561114456182608,28.750407830342574,8345.0
2013,ISPARTA,18730,19807,-1077,80,38.2205163991626,-5.07323501089656,-6478.0
2014,ISPARTA,17966,19930,-1964,80,0.6209925783813741,-4.0790176187933795,-887.0
2015,ISPARTA,19042,18659,383,80,-6.377320622177618,5.9890905042858655,2347.0
2016,ISPARTA,19899,17240,2659,80,-7.604909159118922,4.500577670412764,2276.0
2017,ISPARTA,18222,18818,-596,80,9.153132250580054,-8.427559173827825,-3255.0
2018,ISPARTA,28789,19584,9205,80,4.070570730151979,57.99034134562617,9801.0
2019,ISPARTA,19555,20052,-497,80,2.389705882352944,-32.07475077286463,-9702.0
2020,ISPARTA,12879,17905,-5026,80,-10.707161380410934,-34.1396062388136,-4529.0
2021,ISPARTA,22632,19998,2634,80,11.689472214465235,75.72792918704869,7660.0
2022,ISPARTA,20948,20653,295,80,3.2753275327532805,-7.440791799222335,-2339.0
2023,ISPARTA,25149,21847,3302,80,5.781242434513145,20.05442046973458,3007.0
2008,IĞDIR,5559,9356,-3797,80,,,
2009,IĞDIR,5179,7986,-2807,80,-14.643009833262077,-6.8357618276668415,990.0
2010,IĞDIR,6667,8353,-1686,80,4.5955421988479905,28.731415331145005,1121.0
2011,IĞDIR,6915,8579,-1664,80,2.705614749191909,3.719814009299527,22.0
2012,IĞDIR,6429,8632,-2203,80,0.617787620934851,-7.02819956616052,-539.0
2013,IĞDIR,6882,9779,-2897,80,13.287766450417049,7.0461969202053165,-694.0
2014,IĞDIR,7407,9453,-2046,80,-3.333674199815928,7.628596338273752,851.0
2015,IĞDIR,7321,10589,-3268,80,12.017348989738696,-1.1610638585122235,-1222.0
2016,IĞDIR,6721,9368,-2647,80,-11.530833884219472,-8.19560169375768,621.0
2017,IĞDIR,7775,9728,-1953,80,3.8428693424423566,15.682190150275254,694.0
2018,IĞDIR,9225,10122,-897,80,4.0501644736842035,18.64951768488745,1056.0
2019,IĞDIR,8650,9777,-1127,80,-3.4084173088322456,-6.233062330623307,-230.0
2020,IĞDIR,7452,7266,186,80,-25.682724762196997,-13.849710982658959,1313.0
2021,IĞDIR,7563,10173,-2610,80,40.008257638315435,1.4895330112721483,-2796.0
2022,IĞDIR,9827,11673,-1846,80,14.74491300501326,29.935210895147435,764.0
2023,IĞDIR,12781,10830,1951,80,-7.2217938833204816,30.06003866897324,3797.0
2008,KAHRAMANMARAŞ,26142,25574,568,80,,,
2009,KAHRAMANMARAŞ,18521,26934,-8413,80,5.317900993196223,-29.152321934052484,-8981.0
2010,KAHRAMANMARAŞ,21182,28592,-7410,80,6.155788223063796,14.367474758382382,1003.0
2011,KAHRAMANMARAŞ,21716,31005,-9289,80,8.43942361499721,2.5210084033613356,-1879.0
2012,KAHRAMANMARAŞ,19908,29467,-9559,80,-4.960490243509108,-8.325658500644684,-270.0
2013,KAHRAMANMARAŞ,24560,29322,-4762,80,-0.49207588149455805,23.36749045609805,4797.0
2014,KAHRAMANMARAŞ,27619,30903,-3284,80,5.391855944342128,12.455211726384373,1478.0
2015,KAHRAMANMARAŞ,26856,32272,-5416,80,4.42999061579783,-2.7625909699844353,-2132.0
2016,KAHRAMANMARAŞ,27307,28971,-1664,80,-10.228681209717404,1.6793267798629774,3752.0
2017,KAHRAMANMARAŞ,26874,30314,-3440,80,4.635670152911531,-1.5856740030028904,-1776.0
2018,KAHRAMANMARAŞ,33619,33661,-42,80,11.041103120670325,25.09860832030959,3398.0
2019,KAHRAMANMARAŞ,27676,36700,-9024,80,9.028252280086747,-17.677503792498296,-8982.0
2020,KAHRAMANMARAŞ,25056,23696,1360,80,-35.43324250681199,-9.466685937274178,10384.0
2021,KAHRAMANMARAŞ,27246,35647,-8401,80,50.434672518568526,8.740421455938696,-9761.0
2022,KAHRAMANMARAŞ,29319,34501,-5182,80,-3.2148567901927216,7.608456287161425,3219.0
2023,KAHRAMANMARAŞ,31582,82119,-50537,80,138.01918784962757,7.718544288686524,-45355.0
2008,KARABÜK,8383,8489,-106,80,,,
2009,KARABÜK,8511,9242,-731,80,8.870302744728464,1.526899677919591,-625.0
2010,KARABÜK,9036,8906,130,80,-3.6355767149967577,6.168487839266823,861.0
2011,KARABÜK,8239,9066,-827,80,1.7965416573096693,-8.820274457724652,-957.0
2012,KARABÜK,13510,8444,5066,80,-6.860798588131479,63.976210705182666,5893.0
2013,KARABÜK,13652,11676,1976,80,38.275698720985304,1.0510732790525612,-3090.0
2014,KARABÜK,13438,13195,243,80,13.009592326139096,-1.5675358921769744,-1733.0
2015,KARABÜK,17017,12567,4450,80,-4.759378552481996,26.63342759339187,4207.0
2016,KARABÜK,16719,13416,3303,80,6.755788971114818,-1.751189986484103,-1147.0
2017,KARABÜK,14740,14399,341,80,7.327072152653558,-11.836832346432203,-2962.0
2018,KARABÜK,18384,17433,951,80,21.070907701923748,24.721845318860236,610.0
2019,KARABÜK,14571,16485,-1914,80,-5.437962484942349,-20.740861618798956,-2865.0
2020,KARABÜK,8148,12750,-4602,80,-22.65696087352138,-44.08070825612518,-2688.0
2021,KARABÜK,16168,11598,4570,80,-9.035294117647064,98.42906234658813,9172.0
2022,KARABÜK,13801,12987,814,80,11.976202793585111,-14.640029688273138,-3756.0
2023,KARABÜK,17977,14615,3362,80,12.535612535612529,30.258676907470484,2548.0
2008,KARAMAN,8904,8145,759,80,,,
2009,KARAMAN,7853,8424,-571,80,3.4254143646408775,-11.803683737645997,-1330.0
2010,KARAMAN,7478,8927,-1449,80,5.971035137701808,-4.7752451292499725,-878.0
2011,KARAMAN,7593,9365,-1772,80,4.906463537582617,1.5378443434073352,-323.0
2012,KARAMAN,8191,8066,125,80,-13.870795515216228,7.875674963782431,1897.0
2013,KARAMAN,8747,9445,-698,80,17.096454252417548,6.7879379807105344,-823.0
2014,KARAMAN,8673,9788,-1115,80,3.631551085230278,-0.8460043443466292,-417.0
2015,KARAMAN,9195,9865,-670,80,0.7866775643645241,6.018678657903842,445.0
2016,KARAMAN,9519,9813,-294,80,-0.5271160669031882,3.523654159869505,376.0
2017,KARAMAN,8581,10340,-1759,80,5.370426984612253,-9.853976258010299,-1465.0
2018,KARAMAN,12777,10448,2329,80,1.0444874274661453,48.89872975177718,4088.0
2019,KARAMAN,10318,11075,-757,80,6.001148545176105,-19.245519292478676,-3086.0
2020,KARAMAN,8074,8304,-230,80,-25.02031602708804,-21.74840085287847,527.0
2021,KARAMAN,12420,10885,1535,80,31.081406551059732,53.827099331186524,1765.0
2022,KARAMAN,11387,10969,418,80,0.7717041800643143,-8.317230273752008,-1117.0
2023,KARAMAN,15156,11829,3327,80,7.840277144680474,33.09914815140071,2909.0
2008,KARS,8855,17726,-8871,80,,,
2009,KARS,9028,15660,-6632,80,-11.655195757644144,1.953698475437604,2239.0
2010,KARS,9906,16657,-6751,80,6.366538952745859,9.725299069561366,-119.0
2011,KARS,10654,16376,-5722,80,-1.6869784474995542,7.550979204522501,1029.0
2012,KARS,9706,16185,-6479,80,-1.1663409868099661,-8.898066453914023,-757.0
2013,KARS,11046,18072,-7026,80,11.658943466172378,13.805893261899849,-547.0
2014,KARS,10280,20020,-9740,80,10.779105799026123,-6.934636972659791,-2714.0
2015,KARS,11328,19809,-8481,80,-1.0539460539460532,10.194552529182888,1259.0
2016,KARS,10209,16590,-6381,80,-16.250189307890352,-9.878177966101697,2100.0
2017,KARS,11588,17119,-5531,80,3.1886678722121697,13.507689293760405,850.0
2018,KARS,14441,16620,-2179,80,-2.9148898884280627,24.62029685881948,3352.0
2019,KARS,11132,16421,-5289,80,-1.1973525872442825,-22.913925628419086,-3110.0
2020,KARS,8168,12910,-4742,80,-21.38115827294318,-26.62594322673374,547.0
2021,KARS,11259,16471,-5212,80,27.58326878388846,37.84280117531831,-470.0
2022,KARS,11568,18787,-7219,80,14.061077044502458,2.744471089794831,-2007.0
2023,KARS,15376,16382,-1006,80,-12.80140522701868,32.91839557399723,6213.0
2008,KASTAMONU,14775,14003,772,80,,,
2009,KASTAMONU,13047,14570,-1523,80,4.049132328786698,-11.69543147208122,-2295.0
2010,KASTAMONU,13811,15422,-1611,80,5.8476321207961535,5.855752280217685,-88.0
2011,KASTAMONU,15023,15482,-459,80,0.38905459732849756,8.775613641300417,1152.0
2012,KASTAMONU,14340,13933,407,80,-10.005167291047668,-4.546362244558344,866.0
2013,KASTAMONU,19911,15658,4253,80,12.380678963611569,38.84937238493724,3846.0
2014,KASTAMONU,17539,18163,-624,80,15.998211776727555,-11.913012907438103,-4877.0
2015,KASTAMONU,21601,18092,3509,80,-0.3909045862467653,23.159815268829465,4133.0
2016,KASTAMONU,20577,18898,1679,80,4.455007738226846,-4.740521272163322,-1830.0
2017,KASTAMONU,18729,20052,-1323,80,6.106466292729396,-8.980901005977548,-3002.0
2018,KASTAMONU,27175,18397,8778,80,-8.253540793935766,45.09584067488921,10101.0
2019,KASTAMONU,17737,22515,-4778,80,22.384084361580705,-34.73045078196873,-13556.0
2020,KASTAMONU,14177,15328,-1151,80,-31.920941594492557,-20.0710379432824,3627.0
2021,KASTAMONU,18463,17241,1222,80,12.480427974947816,30.232066022430693,2373.0
2022,KASTAMONU,19960,16321,3639,80,-5.3361173945826845,8.108108108108114,2417.0
2023,KASTAMONU,30284,17608,12676,80,7.885546228785012,51.72344689378758,9037.0
2008,KAYSERİ,30021,28621,1400,80,,,
2009,KAYSERİ,31075,28831,2244,80,0.7337269836833027,3.5108757203291097,844.0
2010,KAYSERİ,37842,30380,7462,80,5.372689119350693,21.776347546259057,5218.0
2011,KAYSERİ,34387,31787,2600,80,4.631336405529951,-9.130067121188102,-4862.0
2012,KAYSERİ,33917,30143,3774,80,-5.171925629974517,-1.366795591357195,1174.0
2013,KAYSERİ,36580,33789,2791,80,12.09567727167169,7.851519886782432,-983.0
2014,KAYSERİ,40957,33374,7583,80,-1.2282103643197484,11.965554948059044,4792.0
2015,KAYSERİ,37832,36087,1745,80,8.129082519326424,-7.6299533657250285,-5838.0
2016,KAYSERİ,35573,35540,33,80,-1.515781306287578,-5.971135546627194,-1712.0
2017,KAYSERİ,38958,36863,2095,80,3.722566122678672,9.51564388721784,2062.0
2018,KAYSERİ,38690,48047,-9357,80,30.339364674605985,-0.6879203244519738,-11452.0
2019,KAYSERİ,40579,39013,1566,80,-18.802422627843573,4.882398552597578,10923.0
2020,KAYSERİ,31766,30033,1733,80,-23.01796836951785,-21.718130067276174,167.0
2021,KAYSERİ,40628,39915,713,80,32.90380581360503,27.897752313794633,-1020.0
2022,KAYSERİ,38374,38902,-528,80,-2.5378930226731766,-5.54789800137836,-1241.0
2023,KAYSERİ,47180,46791,389,80,20.27916302503727,22.947829259394382,917.0
2008,KIRIKKALE,11360,16605,-5245,80,,,
2009,KIRIKKALE,15861,15565,296,80,-6.263173742848538,39.62147887323943,5541.0
2010,KIRIKKALE,12488,19229,-6741,80,23.539993575329255,-21.2659983607591,-7037.0
2011,KIRIKKALE,12190,17482,-5292,80,-9.085235841697436,-2.3862908392056403,1449.0
2012,KIRIKKALE,13776,13912,-136,80,-20.42100446173206,13.010664479081214,5156.0
2013,KIRIKKALE,15089,17818,-2729,80,28.0764807360552,9.531068524970966,-2593.0
2014,KIRIKKALE,13306,18744,-5438,80,5.196991806038831,-11.816555106368876,-2709.0
2015,KIRIKKALE,12585,15204,-2619,80,-18.886043533930863,-5.418608146700732,2819.0
2016,KIRIKKALE,14776,13300,1476,80,-12.52302025782689,17.40961462058006,4095.0
2017,KIRIKKALE,13434,14112,-678,80,6.105263157894747,-9.082295614510016,-2154.0
2018,KIRIKKALE,20575,15076,5499,80,6.831065759637189,53.15617090963227,6177.0
2019,KIRIKKALE,12937,18854,-5917,80,25.05969753250199,-37.12272174969623,-11416.0
2020,KIRIKKALE,8597,13021,-4424,80,-30.937732046250133,-33.547190229574085,1493.0
2021,KIRIKKALE,13449,16187,-2738,80,24.314568773519696,56.43829242759102,1686.0
2022,KIRIKKALE,14645,14703,-58,80,-9.167850744424532,8.892854487322488,2680.0
2023,KIRIKKALE,23664,13403,10261,80,-8.84173297966402,61.58415841584159,10319.0
2008,KIRKLARELİ,10565,11027,-462,80,,,
2009,KIRKLARELİ,10359,11242,-883,80,1.949759680783525,-1.9498343587316613,-421.0
2010,KIRKLARELİ,12844,12088,756,80,7.525351360967791,23.988802007915822,1639.0
2011,KIRKLARELİ,11979,11829,150,80,-2.1426207809397746,-6.734662099034572,-606.0
2012,KIRKLARELİ,12548,11232,1316,80,-5.0469185899061575,4.7499791301444105,1166.0
2013,KIRKLARELİ,14120,13297,823,80,18.384971509971514,12.527892891297409,-493.0
2014,KIRKLARELİ,14553,13678,875,80,2.865307964202457,3.066572237960341,52.0
2015,KIRKLARELİ,16098,13816,2282,80,1.0089194326655893,10.616367759224898,1407.0
2016,KIRKLARELİ,16882,13175,3707,80,-4.639548349739431,4.870170207479196,1425.0
2017,KIRKLARELİ,16074,14023,2051,80,6.436432637571166,-4.786162776922165,-1656.0
2018,KIRKLARELİ,16936,14745,2191,80,5.148684304357132,5.362697523951732,140.0
2019,KIRKLARELİ,15352,14468,884,80,-1.8786029162427886,-9.352857817666504,-1307.0
2020,KIRKLARELİ,13852,11596,2256,80,-19.850705004147084,-9.770713913496609,1372.0
2021,KIRKLARELİ,17846,13855,3991,80,19.48085546740255,28.833381461160833,1735.0
2022,KIRKLARELİ,18230,13843,4387,80,-0.0866113316492223,2.151742687436964,396.0
2023,KIRKLARELİ,22171,14336,7835,80,3.561366755761042,21.618211738891937,3448.0
2008,KIRŞEHİR,9822,12312,-2490,80,,,
2009,KIRŞEHİR,10947,12186,-1239,80,-1.0233918128654929,11.453879047037274,1251.0
2010,KIRŞEHİR,9875,12626,-2751,80,3.6107008042015387,-9.792637252215219,-1512.0
2011,KIRŞEHİR,9598,11870,-2272,80,-5.987644543006498,-2.8050632911392426,479.0
2012,KIRŞEHİR,9733,9898,-165,80,-16.613310867733787,1.4065430297978798,2107.0
2013,KIRŞEHİR,11259,11346,-87,80,14.629218023843205,15.67861913079216,78.0
2014,KIRŞEHİR,10648,12199,-1551,80,7.518068041600556,-5.426769695354827,-1464.0
2015,KIRŞEHİR,11928,11544,384,80,-5.369292564964345,12.021036814425234,1935.0
2016,KIRŞEHİR,12188,11362,826,80,-1.5765765765765716,2.1797451374916177,442.0
2017,KIRŞEHİR,10840,11329,-489,80,-0.2904418236226003,-11.060059074499506,-1315.0
2018,KIRŞEHİR,15835,12144,3691,80,7.193927089769625,46.07933579335792,4180.0
2019,KIRŞEHİR,10853,13028,-2175,80,7.279314888010546,-31.46195137353963,-5866.0
2020,KIRŞEHİR,9960,10835,-875,80,-16.83297513048818,-8.228139684879753,1300.0
2021,KIRŞEHİR,11676,13193,-1517,80,21.762805722196575,17.228915662650614,-642.0
2022,KIRŞEHİR,13231,11934,1297,80,-9.542939437580532,13.317917094895515,2814.0
2023,KIRŞEHİR,16475,12735,3740,80,6.711915535444946,24.518177008540555,2443.0
2008,KOCAELİ,63965,40947,23018,80,,,
2009,KOCAELİ,60432,48399,12033,80,18.19913546779983,-5.5233330727741725,-10985.0
2010,KOCAELİ,64503,49379,15124,80,2.024835223868271,6.73649722001588,3091.0
2011,KOCAELİ,63314,50070,13244,80,1.3993803033678365,-1.843325116661243,-1880.0
2012,KOCAELİ,62966,51561,11405,80,2.977831036548828,-0.5496414695012164,-1839.0
2013,KOCAELİ,71159,54742,16417,80,6.169391594422136,13.011784137471016,5012.0
2014,KOCAELİ,79697,55060,24637,80,0.5809067991670025,11.99848227209488,8220.0
2015,KOCAELİ,87158,56927,30231,80,3.3908463494369823,9.361707467031376,5594.0
2016,KOCAELİ,85602,60479,25123,80,6.2395699755827705,-1.785263544367699,-5108.0
2017,KOCAELİ,87796,60258,27538,80,-0.3654160948428409,2.5630242284058857,2415.0
2018,KOCAELİ,80457,79970,487,80,32.71266885724717,-8.359150758576705,-27051.0
2019,KOCAELİ,82977,65675,17302,80,-17.875453294985622,3.1321078339982877,16815.0
2020,KOCAELİ,75093,52543,22550,80,-19.99543205177008,-9.501428106583754,5248.0
2021,KOCAELİ,83959,66332,17627,80,26.243267419066285,11.806693033971216,-4923.0
2022,KOCAELİ,89685,62534,27151,80,-5.72574323101972,6.819995473981355,9524.0
2023,KOCAELİ,92564,81219,11345,80,29.87974541849234,3.210124324022967,-15806.0
2008,KONYA,45502,56760,-11258,80,,,
2009,KONYA,46042,51006,-4964,80,-10.13742071881607,1.1867610214935542,6294.0
2010,KONYA,47901,56729,-8828,80,11.22024859820414,4.037617827201245,-3864.0
2011,KONYA,52134,54533,-2399,80,-3.87103597807118,8.836976263543562,6429.0
2012,KONYA,51981,48313,3668,80,-11.405937689105683,-0.2934745079986145,6067.0
2013,KONYA,51080,55006,-3926,80,13.853414194937175,-1.7333256382139672,-7594.0
2014,KONYA,55798,55453,345,80,0.8126386212413239,9.23649177760375,4271.0
2015,KONYA,56817,57056,-239,80,2.8907362992083296,1.8262303308362204,-584.0
2016,KONYA,56500,54712,1788,80,-4.1082445316881655,-0.5579316049773797,2027.0
2017,KONYA,53007,56594,-3587,80,3.4398303845591505,-6.182300884955749,-5375.0
2018,KONYA,58300,60571,-2271,80,7.027246704597667,9.985473616692131,1316.0
2019,KONYA,54219,58557,-4338,80,-3.3250235261098493,-6.999999999999995,-2067.0
2020,KONYA,43788,48780,-4992,80,-16.69655207746299,-19.23864328003099,-654.0
2021,KONYA,64254,58865,5389,80,20.67445674456745,46.738832556864885,10381.0
2022,KONYA,57578,57765,-187,80,-1.868682578781955,-10.390014629439415,-5576.0
2023,KONYA,75214,61210,14004,80,5.963818921492248,30.629754420091015,14191.0
2008,KÜTAHYA,14112,21711,-7599,80,,,
2009,KÜTAHYA,15291,18210,-2919,80,-16.12546635346138,8.354591836734704,4680.0
2010,KÜTAHYA,15311,19923,-4612,80,9.40691927512356,0.13079589300895034,-1693.0
2011,KÜTAHYA,17547,20655,-3108,80,3.674145460021072,14.603879563712363,1504.0
2012,KÜTAHYA,20550,16702,3848,80,-19.13822319051077,17.114036587450855,6956.0
2013,KÜTAHYA,17875,20915,-3040,80,25.224524009100712,-13.017031630170317,-6888.0
2014,KÜTAHYA,18734,21860,-3126,80,4.51828830982548,4.805594405594404,-86.0
2015,KÜTAHYA,19447,22337,-2890,80,2.182067703568169,3.805914380271158,236.0
2016,KÜTAHYA,18382,20691,-2309,80,-7.368939427855126,-5.476423098678462,581.0
2017,KÜTAHYA,17172,20393,-3221,80,-1.440239717751679,-6.582526384506582,-912.0
2018,KÜTAHYA,22582,20392,2190,80,-0.0049036434070504065,31.504775215467042,5411.0
2019,KÜTAHYA,21212,21456,-244,80,5.217732444095713,-6.066778850411836,-2434.0
2020,KÜTAHYA,15347,18688,-3341,80,-12.900820283370617,-27.649443711106926,-3097.0
2021,KÜTAHYA,21913,21052,861,80,12.649828767123283,42.78360591646575,4202.0
2022,KÜTAHYA,20014,21209,-1195,80,0.745772373171194,-8.666088623191715,-2056.0
2023,KÜTAHYA,24281,28405,-4124,80,33.92899240888303,21.320075946837225,-2929.0
2008,KİLİS,4998,4611,387,80,,,
2009,KİLİS,4662,5677,-1015,80,23.11862936456299,-6.72268907563025,-1402.0
2010,KİLİS,4813,5572,-759,80,-1.8495684340320562,3.238953238953246,256.0
2011,KİLİS,4692,6420,-1728,80,15.218951902368993,-2.514024516933311,-969.0
2012,KİLİS,4315,6075,-1760,80,-5.373831775700932,-8.034953111679455,-32.0
2013,KİLİS,6566,6161,405,80,1.4156378600822972,52.16685979142526,2165.0
2014,KİLİS,5759,7451,-1692,80,20.938159389709465,-12.290587876941817,-2097.0
2015,KİLİS,6776,6593,183,80,-11.515232854650382,17.659315853446778,1875.0
2016,KİLİS,5740,8043,-2303,80,21.99302290307903,-15.289256198347111,-2486.0
2017,KİLİS,6675,6526,149,80,-18.86112147208753,16.289198606271782,2452.0
2018,KİLİS,8861,6929,1932,80,6.175298804780871,32.74906367041199,1783.0
2019,KİLİS,6515,8843,-2328,80,27.623033626785976,-26.475567091750364,-4260.0
2020,KİLİS,5035,6432,-1397,80,-27.264502996720573,-22.7168073676132,931.0
2021,KİLİS,7474,7262,212,80,12.9042288557214,48.440913604766635,1609.0
2022,KİLİS,8008,7629,379,80,5.053704213715227,7.144768530907153,167.0
2023,KİLİS,12750,7604,5146,80,-0.3276969458644641,59.21578421578422,4767.0
2008,MALATYA,25500,27830,-2330,80,,,
2009,MALATYA,25806,28208,-2402,80,1.3582464965864238,1.200000000000001,-72.0
2010,MALATYA,25320,30931,-5611,80,9.653289846851965,-1.8832829574517596,-3209.0
2011,MALATYA,32925,29515,3410,80,-4.577931525007273,30.035545023696674,9021.0
2012,MALATYA,24270,28545,-4275,80,-3.2864645095714073,-26.287015945330296,-7685.0
2013,MALATYA,25876,33194,-7318,80,16.286565072692238,6.617222908941089,-3043.0
2014,MALATYA,29285,31476,-2191,80,-5.17563415075013,13.174370072654206,5127.0
2015,MALATYA,26925,31368,-4443,80,-0.3431185665268788,-8.058733139832675,-2252.0
2016,MALATYA,27777,27613,164,80,-11.970798265748538,3.1643454038997154,4607.0
2017,MALATYA,27523,28222,-699,80,2.2054829247093677,-0.914425603916913,-863.0
2018,MALATYA,36901,35234,1667,80,24.845864928070306,34.07332049558551,2366.0
2019,MALATYA,29880,33272,-3392,80,-5.568484986092981,-19.026584645402565,-5059.0
2020,MALATYA,24198,23329,869,80,-29.883986535224814,-19.01606425702811,4261.0
2021,MALATYA,28521,31737,-3216,80,36.04097903896437,17.865112819241258,-4085.0
2022,MALATYA,28684,30104,-1420,80,-5.1454138702460845,0.5715087128782326,1796.0
2023,MALATYA,34414,102621,-68207,80,240.8882540526176,19.976293403988276,-66787.0
2008,MANİSA,38301,35458,2843,80,,,
2009,MANİSA,28781,34262,-5481,80,-3.3730046815951265,-24.855747891699952,-8324.0
2010,MANİSA,32094,35497,-3403,80,3.6045764987449713,11.511066328480602,2078.0
2011,MANİSA,33312,36021,-2709,80,1.4761810857255586,3.7951018882034004,694.0
2012,MANİSA,32211,34054,-1843,80,-5.460703478526419,-3.3051152737752165,866.0
2013,MANİSA,36257,36989,-732,80,8.618664474070602,12.560926391605353,1111.0
2014,MANİSA,35570,38432,-2862,80,3.90115980426613,-1.8948065201202513,-2130.0
2015,MANİSA,39558,36736,2822,80,-4.412989175686932,11.211695248805164,5684.0
2016,MANİSA,39999,35685,4314,80,-2.8609538327526107,1.1148187471560655,1492.0
2017,MANİSA,40257,36021,4236,80,0.9415720891130741,0.6450161254031306,-78.0
2018,MANİSA,41189,39056,2133,80,8.42564059853974,2.315125319820166,-2103.0
2019,MANİSA,40857,37164,3693,80,-4.84432609586235,-0.8060404476923466,1560.0
2020,MANİSA,37003,29833,7170,80,-19.726079001183937,-9.43290011503537,3477.0
2021,MANİSA,43325,40605,2720,80,36.107666007441416,17.085101208010165,-4450.0
2022,MANİSA,43466,37527,5939,80,-7.580347247875874,0.3254472013848764,3219.0
2023,MANİSA,46467,42259,4208,80,12.60958776347696,6.904246997653329,-1731.0
2008,MARDİN,27606,41432,-13826,80,,,
2009,MARDİN,18296,40308,-22012,80,-2.71287893415717,-33.72455263348547,-8186.0
2010,MARDİN,25478,30495,-5017,80,-24.345043167609404,39.254481853957145,16995.0
2011,MARDİN,25447,31302,-5855,80,2.6463354648303072,-0.12167360075359124,-838.0
2012,MARDİN,21676,30299,-8623,80,-3.2042680978851212,-14.819035642708378,-2768.0
2013,MARDİN,22596,29525,-6929,80,-2.554539753787255,4.244325521313885,1694.0
2014,MARDİN,22207,30796,-8589,80,4.304826418289576,-1.721543636041778,-1660.0
2015,MARDİN,24255,34592,-10337,80,12.326276139758408,9.22231728734182,-1748.0
2016,MARDİN,21439,38823,-17384,80,12.231151711378363,-11.609977324263044,-7047.0
2017,MARDİN,28303,30782,-2479,80,-20.71194910233625,32.01641867624423,14905.0
2018,MARDİN,30216,31738,-1522,80,3.1057111298810947,6.759000812634697,957.0
2019,MARDİN,27395,32544,-5149,80,2.539542504253567,-9.336113317447714,-3627.0
2020,MARDİN,25373,24744,629,80,-23.96755162241888,-7.380908924986307,5778.0
2021,MARDİN,28641,35957,-7316,80,45.316036210798586,12.879832893232956,-7945.0
2022,MARDİN,28747,36382,-7635,80,1.1819673498901562,0.3700988093991109,-319.0
2023,MARDİN,37903,33904,3999,80,-6.811060414490678,31.850280029220436,11634.0
2008,MERSİN,46776,50110,-3334,80,,,
2009,MERSİN,48377,49209,-832,80,-1.7980443025344295,3.4226953993500953,2502.0
2010,MERSİN,50430,51739,-1309,80,5.141335934483537,4.243752196291628,-477.0
2011,MERSİN,51328,54630,-3302,80,5.587661145364242,1.7806860995439155,-1993.0
2012,MERSİN,46721,53523,-6802,80,-2.0263591433278383,-8.9756078553616,-3500.0
2013,MERSİN,51468,55482,-4014,80,3.660108738299428,10.160313349457418,2788.0
2014,MERSİN,55598,54843,755,80,-1.1517248837460747,8.024403512862355,4769.0
2015,MERSİN,56171,58404,-2233,80,6.493080247251237,1.0306126119644654,-2988.0
2016,MERSİN,54962,52763,2199,80,-9.658585028422706,-2.15235619803813,4432.0
2017,MERSİN,54492,55393,-901,80,4.984553569736372,-0.8551362759724901,-3100.0
2018,MERSİN,55779,61917,-6138,80,11.777661437365738,2.361814578286725,-5237.0
2019,MERSİN,55429,54452,977,80,-12.05646268391557,-0.6274762903601738,7115.0
2020,MERSİN,53325,40242,13083,80,-26.09637846176449,-3.795846939327785,12106.0
2021,MERSİN,57213,57930,-717,80,43.954077829133745,7.291139240506328,-13800.0
2022,MERSİN,60984,57001,3983,80,-1.6036595891593342,6.591159351895559,4700.0
2023,MERSİN,80493,67409,13084,80,18.259328783705552,31.990358126721773,9101.0
2008,MUĞLA,35907,24959,10948,80,,,
2009,MUĞLA,28390,26613,1777,80,6.626868063624336,-20.934636700364827,-9171.0
2010,MUĞLA,35129,28850,6279,80,8.405666403637312,23.737231419513915,4502.0
2011,MUĞLA,35409,29604,5805,80,2.61351819757365,0.7970622562555096,-474.0
2012,MUĞLA,33213,28301,4912,80,-4.401432238886638,-6.201813098364828,-893.0
2013,MUĞLA,35246,30687,4559,80,8.430797498321606,6.121097160750311,-353.0
2014,MUĞLA,48219,29671,18548,80,-3.310848241926545,36.80701356182261,13989.0
2015,MUĞLA,42112,37663,4449,80,26.935391459674427,-12.665132001907963,-14099.0
2016,MUĞLA,39076,31520,7556,80,-16.310437299206114,-7.209346504559266,3107.0
2017,MUĞLA,42450,33289,9161,80,5.612309644670055,8.634455932029894,1605.0
2018,MUĞLA,52642,34302,18340,80,3.043047252846276,24.009422850412253,9179.0
2019,MUĞLA,42987,36210,6777,80,5.562357880007007,-18.340868508035413,-11563.0
2020,MUĞLA,41468,28088,13380,80,-22.430267881800603,-3.533626445204363,6603.0
2021,MUĞLA,49545,35133,14412,80,25.08188550270578,19.477669528310983,1032.0
2022,MUĞLA,49179,36702,12477,80,4.465886773119299,-0.7387223735997539,-1935.0
2023,MUĞLA,63562,40554,23008,80,10.49534085335948,29.24622298135382,10531.0
2008,MUŞ,10058,25896,-15838,80,,,
2009,MUŞ,10158,20182,-10024,80,-22.065183812171764,0.9942334460131264,5814.0
2010,MUŞ,11782,17841,-6059,80,-11.599445050044599,15.987399094309907,3965.0
2011,MUŞ,12895,18663,-5768,80,4.607365058012447,9.446613478187071,291.0
2012,MUŞ,9914,20646,-10732,80,10.625301398488984,-23.117487398216362,-4964.0
2013,MUŞ,11070,20193,-9123,80,-2.1941296134844523,11.660278394190037,1609.0
2014,MUŞ,12077,22688,-10611,80,12.355766849898476,9.096657633242987,-1488.0
2015,MUŞ,12752,23855,-11103,80,5.143688293370952,5.58913637492755,-492.0
2016,MUŞ,11309,21683,-10374,80,-9.10500943198491,-11.315872020075279,729.0
2017,MUŞ,13094,22243,-9149,80,2.5826684499377306,15.783888938013968,1225.0
2018,MUŞ,15742,20789,-5047,80,-6.536888009710918,20.223002902092556,4102.0
2019,MUŞ,13396,20063,-6667,80,-3.49223146856511,-14.902807775377969,-1620.0
2020,MUŞ,11720,16548,-4828,80,-17.519812590340422,-12.511197372349958,1839.0
2021,MUŞ,12190,24243,-12053,80,46.50108774474258,4.010238907849839,-7225.0
2022,MUŞ,13847,24941,-11094,80,2.879181619436544,13.593109105824453,959.0
2023,MUŞ,18904,22595,-3691,80,-9.406198628763885,36.52054596663537,7403.0
2008,NEVŞEHİR,9531,10882,-1351,80,,,
2009,NEVŞEHİR,8965,10667,-1702,80,-1.9757397537217392,-5.9385164201028235,-351.0
2010,NEVŞEHİR,9231,12366,-3135,80,15.92762726164807,2.967094255437819,-1433.0
2011,NEVŞEHİR,8995,11374,-2379,80,-8.021995794921555,-2.5566027515978806,756.0
2012,NEVŞEHİR,10214,10859,-645,80,-4.527870582029192,13.55197331851028,1734.0
2013,NEVŞEHİR,10322,12147,-1825,80,11.861129017404926,1.0573722341883585,-1180.0
2014,NEVŞEHİR,10164,13165,-3001,80,8.38067012431052,-1.5307111024995157,-1176.0
2015,NEVŞEHİR,11144,11955,-811,80,-9.191036840106348,9.641873278236911,2190.0
2016,NEVŞEHİR,11703,11091,612,80,-7.227101631116684,5.01615218951903,1423.0
2017,NEVŞEHİR,11006,12076,-1070,80,8.881074745288963,-5.955737844997011,-1682.0
2018,NEVŞEHİR,13120,12315,805,80,1.9791321629678782,19.207704888242773,1875.0
2019,NEVŞEHİR,12571,11899,672,80,-3.3779943158749437,-4.184451219512198,-133.0
2020,NEVŞEHİR,9309,8958,351,80,-24.716362719556262,-25.948611884496064,-321.0
2021,NEVŞEHİR,13646,12396,1250,80,38.37910247823175,46.58932216134923,899.0
2022,NEVŞEHİR,12803,12029,774,80,-2.960632462084545,-6.177634471640037,-476.0
2023,NEVŞEHİR,19072,13307,5765,80,10.62432454900657,48.96508630789658,4991.0
2008,NİĞDE,15150,13991,1159,80,,,
2009,NİĞDE,12588,15778,-3190,80,12.772496604960338,-16.910891089108915,-4349.0
2010,NİĞDE,12602,17666,-5064,80,11.966028647483839,0.11121703209406864,-1874.0
2011,NİĞDE,11769,17023,-5254,80,-3.639759990943059,-6.6100618949373136,-190.0
2012,NİĞDE,12359,13514,-1155,80,-20.613287904599666,5.01317019287959,4099.0
2013,NİĞDE,14731,15493,-762,80,14.644072813378717,19.192491301885273,393.0
2014,NİĞDE,13785,17946,-4161,80,15.832956819208665,-6.421831511777887,-3399.0
2015,NİĞDE,13878,15959,-2081,80,-11.072105204502392,0.6746463547333992,2080.0
2016,NİĞDE,14823,13589,1234,80,-14.850554546024187,6.809338521400776,3315.0
2017,NİĞDE,13948,15667,-1719,80,15.291780116270504,-5.902988598799164,-2953.0
2018,NİĞDE,22654,15676,6978,80,0.05744558626412655,62.41755090335532,8697.0
2019,NİĞDE,14055,20769,-6714,80,32.489155396784895,-37.95797651628852,-13692.0
2020,NİĞDE,11349,13588,-2239,80,-34.57556935817805,-19.252934898612594,4475.0
2021,NİĞDE,16287,16506,-219,80,21.474830732999695,43.51044144858578,2020.0
2022,NİĞDE,15801,15661,140,80,-5.119350539197864,-2.983974949346102,359.0
2023,NİĞDE,26089,15991,10098,80,2.1071451376029726,65.10980317701411,9958.0
2008,ORDU,27719,31458,-3739,80,,,
2009,ORDU,30335,31296,-961,80,-0.5149723440778131,9.437569897903963,2778.0
2010,ORDU,27896,36241,-8345,80,15.800741308793453,-8.04021757046316,-7384.0
2011,ORDU,23963,34472,-10509,80,-4.88121188708921,-14.098795526240327,-2164.0
2012,ORDU,48240,26595,21645,80,-22.850429333952192,101.31035346158663,32154.0
2013,ORDU,30792,46332,-15540,80,74.21319796954316,-36.169154228855724,-37185.0
2014,ORDU,28555,39937,-11382,80,-13.802555469222133,-7.264873993245002,4158.0
2015,ORDU,29835,32600,-2765,80,-18.371435010140967,4.482577482052186,8617.0
2016,ORDU,42995,27229,15766,80,-16.47546012269938,44.1092676386794,18531.0
2017,ORDU,28111,40305,-12194,80,48.02232913437878,-34.61797883474823,-27960.0
2018,ORDU,54813,30152,24661,80,-25.190423024438658,94.98772722421829,36855.0
2019,ORDU,25386,46640,-21254,80,54.68293977182277,-53.68616933939029,-45915.0
2020,ORDU,26898,21406,5492,80,-54.10377358490565,5.956038761522109,26746.0
2021,ORDU,27516,28547,-1031,80,33.359805661963925,2.2975685924603972,-6523.0
2022,ORDU,28878,27184,1694,80,-4.774582267839,4.949847361535098,2725.0
2023,ORDU,43974,29843,14131,80,9.781489111241903,52.275088302514014,12437.0
2008,OSMANİYE,17464,16338,1126,80,,,
2009,OSMANİYE,15167,16319,-1152,80,-0.11629330395397375,-13.152771415483278,-2278.0
2010,OSMANİYE,16868,16928,-60,80,3.731846314112386,11.215138128832326,1092.0
2011,OSMANİYE,15675,18420,-2745,80,8.813799621928165,-7.072563433720658,-2685.0
2012,OSMANİYE,15343,17340,-1997,80,-5.863192182410426,-2.118022328548641,748.0
2013,OSMANİYE,17338,17605,-267,80,1.5282583621683887,13.002672228377765,1730.0
2014,OSMANİYE,17880,18214,-334,80,3.459244532803174,3.126081439612416,-67.0
2015,OSMANİYE,18567,19303,-736,80,5.978917316350052,3.84228187919462,-402.0
2016,OSMANİYE,19558,17683,1875,80,-8.392477853183443,5.337426617116381,2611.0
2017,OSMANİYE,18842,19008,-166,80,7.493072442458848,-3.6609060231107438,-2041.0
2018,OSMANİYE,19965,20900,-935,80,9.953703703703699,5.960089162509297,-769.0
2019,OSMANİYE,18126,21459,-3333,80,2.674641148325363,-9.211119459053341,-2398.0
2020,OSMANİYE,17734,14954,2780,80,-30.31362132438604,-2.162639302659164,6113.0
2021,OSMANİYE,18648,22445,-3797,80,50.09362043600374,5.153941581143573,-6577.0
2022,OSMANİYE,20565,21827,-1262,80,-2.7533971931387846,10.279922779922778,2535.0
2023,OSMANİYE,27059,30896,-3837,80,41.54945709442435,31.57792365669827,-2575.0
2008,RİZE,13253,13825,-572,80,,,
2009,RİZE,12428,14575,-2147,80,5.4249547920433905,-6.22500565909605,-1575.0
2010,RİZE,13070,14819,-1749,80,1.674099485420233,5.1657547473447085,398.0
2011,RİZE,14558,14560,-2,80,-1.7477562588568696,11.384850803366486,1747.0
2012,RİZE,12315,13856,-1541,80,-4.83516483516484,-15.407336172551178,-1539.0
2013,RİZE,16842,15859,983,80,14.455831408775976,36.76004872107186,2524.0
2014,RİZE,17311,17932,-621,80,13.071442083359596,2.784704904405655,-1604.0
2015,RİZE,15514,18936,-3422,80,5.598929288422938,-10.380682802842124,-2801.0
2016,RİZE,15006,15604,-598,80,-17.596113223489652,-3.2744617764599693,2824.0
2017,RİZE,14561,16310,-1749,80,4.524480902332728,-2.965480474476878,-1151.0
2018,RİZE,31266,16413,14853,80,0.6315144083384405,114.72426344344484,16602.0
2019,RİZE,15946,23534,-7588,80,43.386340096265165,-48.99891255677093,-22441.0
2020,RİZE,13143,13290,-147,80,-43.52851194017167,-17.578076006522014,7441.0
2021,RİZE,15956,15605,351,80,17.419112114371703,21.403028227954035,498.0
2022,RİZE,14716,16938,-2222,80,8.54213393143224,-7.7713712709952425,-2573.0
2023,RİZE,24347,18372,5975,80,8.466170740347145,65.44577330796413,8197.0
2008,SAKARYA,24321,20887,3434,80,,,
2009,SAKARYA,25376,21665,3711,80,3.724804902570966,4.337815056946681,277.0
2010,SAKARYA,26248,24627,1621,80,13.671820909300724,3.436317780580067,-2090.0
2011,SAKARYA,28537,24633,3904,80,0.024363503471791503,8.720664431575731,2283.0
2012,SAKARYA,28457,23787,4670,80,-3.4344172451589383,-0.2803378070575069,766.0
2013,SAKARYA,30770,27170,3600,80,14.22205406314374,8.128052851670953,-1070.0
2014,SAKARYA,32701,28311,4390,80,4.1994847258005175,6.275593110172251,790.0
2015,SAKARYA,35943,28492,7451,80,0.6393274698880402,9.914069906119071,3061.0
2016,SAKARYA,35228,28965,6263,80,1.6601151200337005,-1.9892607740032875,-1188.0
2017,SAKARYA,35575,28122,7453,80,-2.9104091144484756,0.9850119223345111,1190.0
2018,SAKARYA,37659,32704,4955,80,16.29329350686295,5.858046380885451,-2498.0
2019,SAKARYA,35941,31291,4650,80,-4.3205724070450096,-4.5619904936403,-305.0
2020,SAKARYA,30929,24888,6041,80,-20.462752868236876,-13.945076653404186,1391.0
2021,SAKARYA,40379,31048,9331,80,24.750883960141422,30.553849138349133,3290.0
2022,SAKARYA,41396,31141,10255,80,0.299536202009798,2.5186359246142764,924.0
2023,SAKARYA,47730,33515,14215,80,7.623390385665196,15.300995265243023,3960.0
2008,SAMSUN,35404,40633,-5229,80,,,
2009,SAMSUN,38874,39581,-707,80,-2.5890286220559666,9.80115241215682,4522.0
2010,SAMSUN,35418,44825,-9407,80,13.2487809807736,-8.890260842722641,-8700.0
2011,SAMSUN,35103,43408,-8305,80,-3.161182375906302,-0.8893782822293694,1102.0
2012,SAMSUN,32249,41561,-9312,80,-4.25497604128271,-8.13035922855596,-1007.0
2013,SAMSUN,38644,42504,-3860,80,2.2689540675152164,19.830072250302333,5452.0
2014,SAMSUN,41057,44519,-3462,80,4.740730284208539,6.244177621364244,398.0
2015,SAMSUN,41718,44627,-2909,80,0.2425930501583684,1.6099568892028238,553.0
2016,SAMSUN,41687,41187,500,80,-7.708338001658188,-0.07430845198714842,3409.0
2017,SAMSUN,43709,42422,1287,80,2.998518950154172,4.850432988701514,787.0
2018,SAMSUN,53228,48543,4685,80,14.428834095516475,21.77812349859296,3398.0
2019,SAMSUN,45973,45020,953,80,-7.257483056259395,-13.630044337566694,-3732.0
2020,SAMSUN,43054,35442,7612,80,-21.274988893824965,-6.3493789833162895,6659.0
2021,SAMSUN,47471,45791,1680,80,29.199819423283113,10.259209364983501,-5932.0
2022,SAMSUN,48681,43757,4924,80,-4.441920901487196,2.548924606601921,3244.0
2023,SAMSUN,65364,50570,14794,80,15.570080215736915,34.27004375423677,9870.0
2008,SİNOP,10299,9472,827,80,,,
2009,SİNOP,9562,9558,4,80,0.9079391891891886,-7.156034566462766,-823.0
2010,SİNOP,11027,9967,1060,80,4.279137894957108,15.321062539217746,1056.0
2011,SİNOP,10038,10618,-580,80,6.5315541286244505,-8.968894531604244,-1640.0
2012,SİNOP,8277,10371,-2094,80,-2.3262384629873845,-17.5433353257621,-1514.0
2013,SİNOP,12085,9869,2216,80,-4.840420403046963,46.00700736981997,4310.0
2014,SİNOP,10783,11950,-1167,80,21.086229607863018,-10.773686388084403,-3383.0
2015,SİNOP,10059,11274,-1215,80,-5.65690376569038,-6.71427246591858,-48.0
2016,SİNOP,10190,9784,406,80,-13.216249778250845,1.3023163336315813,1621.0
2017,SİNOP,11015,10086,929,80,3.08667211774325,8.096172718351324,523.0
2018,SİNOP,20922,9793,11129,80,-2.905016855046594,89.94098955969132,10200.0
2019,SİNOP,12926,15642,-2716,80,59.726335137343,-38.21814358091961,-13845.0
2020,SİNOP,10292,11070,-778,80,-29.22899884925202,-20.377533653102276,1938.0
2021,SİNOP,13211,10548,2663,80,-4.7154471544715415,28.361834434512232,3441.0
2022,SİNOP,14155,11291,2864,80,7.043989381873339,7.145560517750349,201.0
2023,SİNOP,20887,11499,9388,80,1.842175183774697,47.55916637230661,6524.0
2008,SİVAS,18871,30428,-11557,80,,,
2009,SİVAS,23217,28585,-5368,80,-6.056921256737214,23.03004610248529,6189.0
2010,SİVAS,23467,31362,-7895,80,9.714885429421027,1.076797174484212,-2527.0
2011,SİVAS,22884,30131,-7247,80,-3.925132325744529,-2.4843397110836496,648.0
2012,SİVAS,21492,27441,-5949,80,-8.92768245328731,-6.082852648138437,1298.0
2013,SİVAS,26354,30244,-3890,80,10.214642323530487,22.622371114833427,2059.0
2014,SİVAS,29726,34855,-5129,80,15.245999206454176,12.795021628595272,-1239.0
2015,SİVAS,25319,33501,-8182,80,-3.8846650408836614,-14.825405369037203,-3053.0
2016,SİVAS,22966,26369,-3403,80,-21.28891674875377,-9.293416011690825,4779.0
2017,SİVAS,22147,28697,-6550,80,8.828548674580006,-3.5661412522859925,-3147.0
2018,SİVAS,45861,26271,19590,80,-8.453845349688116,107.07545039960267,26140.0
2019,SİVAS,23572,36430,-12858,80,38.670016367858096,-48.60120799808115,-32448.0
2020,SİVAS,18490,23885,-5395,80,-34.43590447433434,-21.55947734600373,7463.0
2021,SİVAS,25720,28285,-2565,80,18.421603516851583,39.10221741481883,2830.0
2022,SİVAS,24583,27668,-3085,80,-2.181368216369095,-4.420684292379473,-520.0
2023,SİVAS,48214,31783,16431,80,14.872777215555866,96.12740511735754,19516.0
2008,SİİRT,11870,12625,-755,80,,,
2009,SİİRT,8475,11797,-3322,80,-6.558415841584154,-28.601516427969674,-2567.0
2010,SİİRT,8911,13973,-5062,80,18.445367466304987,5.14454277286136,-1740.0
2011,SİİRT,10274,14228,-3954,80,1.8249481142202928,15.295701941420713,1108.0
2012,SİİRT,8823,14628,-5805,80,2.8113578858588673,-14.123029005255983,-1851.0
2013,SİİRT,10866,13339,-2473,80,-8.811867651080119,23.155389323359408,3332.0
2014,SİİRT,10551,14366,-3815,80,7.6992278281730275,-2.898950855880733,-1342.0
2015,SİİRT,10505,16166,-5661,80,12.529583739384664,-0.43597763245190047,-1846.0
2016,SİİRT,10775,15068,-4293,80,-6.792032661140668,2.570204664445508,1368.0
2017,SİİRT,12163,15406,-3243,80,2.243164321741431,12.881670533642687,1050.0
2018,SİİRT,15017,15726,-709,80,2.0771128131896743,23.464605771602407,2534.0
2019,SİİRT,11016,17252,-6236,80,9.703675441943282,-26.643137777185856,-5527.0
2020,SİİRT,9044,12958,-3914,80,-24.889867841409696,-17.901234567901238,2322.0
2021,SİİRT,12670,16340,-3670,80,26.099706744868033,40.092879256965944,244.0
2022,SİİRT,12356,17607,-5251,80,7.753977968176251,-2.478295185477508,-1581.0
2023,SİİRT,21120,16468,4652,80,-6.4690180042028755,70.92910326966656,9903.0
2008,TEKİRDAĞ,47534,22373,25161,80,,,
2009,TEKİRDAĞ,37655,29066,8589,80,29.9155231752559,-20.78301847098919,-16572.0
2010,TEKİRDAĞ,41307,29433,11874,80,1.2626436386155682,9.698579205948743,3285.0
2011,TEKİRDAĞ,42265,28620,13645,80,-2.762205687493624,2.319219502747716,1771.0
2012,TEKİRDAĞ,42155,28042,14113,80,-2.019566736547873,-0.26026262865255223,468.0
2013,TEKİRDAĞ,45313,31681,13632,80,12.976963126738461,7.491400782825286,-481.0
2014,TEKİRDAĞ,52994,31266,21728,80,-1.3099333985669648,16.95098536843731,8096.0
2015,TEKİRDAĞ,54482,33937,20545,80,8.542826073050591,2.8078650413254413,-1183.0
2016,TEKİRDAĞ,56536,32290,24246,80,-4.8531101747355425,3.77005249440181,3701.0
2017,TEKİRDAĞ,55391,34658,20733,80,7.333539795602362,-2.0252582425357324,-3513.0
2018,TEKİRDAĞ,53895,41010,12885,80,18.327658837786377,-2.7007997689155294,-7848.0
2019,TEKİRDAĞ,48911,38109,10802,80,-7.073884418434528,-9.247611095648944,-2083.0
2020,TEKİRDAĞ,50764,28468,22296,80,-25.29848592196069,3.7885138312445,11494.0
2021,TEKİRDAĞ,60190,37516,22674,80,31.783054657861463,18.568276731542042,378.0
2022,TEKİRDAĞ,63354,37969,25385,80,1.2074848064825616,5.256687157335116,2711.0
2023,TEKİRDAĞ,63230,45182,18048,80,18.997076562458858,-0.19572560532878924,-7337.0
2008,TOKAT,29593,35892,-6299,80,,,
2009,TOKAT,32655,34213,-1558,80,-4.677922656859468,10.347041530091584,4741.0
2010,TOKAT,25430,40995,-15565,80,19.822874346008824,-22.125248813351707,-14007.0
2011,TOKAT,29576,36342,-6766,80,-11.350164654226125,16.30357845064885,8799.0
2012,TOKAT,34725,31812,2913,80,-12.464916625392108,17.409385988639436,9679.0
2013,TOKAT,26987,47071,-20084,80,47.966176285678365,-22.283657307415407,-22997.0
2014,TOKAT,35891,38737,-2846,80,-17.70516878757622,32.99366361581502,17238.0
2015,TOKAT,34586,40805,-6219,80,5.33856519606577,-3.636009027332754,-3373.0
2016,TOKAT,36572,33380,3192,80,-18.19629947310378,5.742207829757695,9411.0
2017,TOKAT,34735,38746,-4011,80,16.07549430796884,-5.022968391118887,-7203.0
2018,TOKAT,46391,41326,5065,80,6.658751871160895,33.55693104937383,9076.0
2019,TOKAT,39530,39567,-37,80,-4.256400329090648,-14.789506585329049,-5102.0
2020,TOKAT,24840,41746,-16906,80,5.507114514620759,-37.161649380217554,-16869.0
2021,TOKAT,35555,31400,4155,80,-24.783212762899442,43.13607085346216,21061.0
2022,TOKAT,28325,35358,-7033,80,12.60509554140128,-20.3346927295739,-11188.0
2023,TOKAT,45011,34546,10465,80,-2.296509983596362,58.909090909090914,17498.0
2008,TRABZON,25918,27027,-1109,80,,,
2009,TRABZON,36868,26474,10394,80,-2.0461020461020496,42.24863029554751,11503.0
2010,TRABZON,29130,36546,-7416,80,38.04487421621214,-20.98839101659976,-17810.0
2011,TRABZON,24858,38446,-13588,80,5.198927379193341,-14.665293511843458,-6172.0
2012,TRABZON,21864,25478,-3614,80,-33.73042709254539,-12.044412261646153,9974.0
2013,TRABZON,25115,29988,-4873,80,17.70154643221602,14.869191364800582,-1259.0
2014,TRABZON,31847,29741,2106,80,-0.8236627984527178,26.80469838741788,6979.0
2015,TRABZON,27314,32454,-5140,80,9.12208735415756,-14.233679781455077,-7246.0
2016,TRABZON,28680,26775,1905,80,-17.498613422074317,5.0010983378487195,7045.0
2017,TRABZON,29703,29192,511,80,9.027077497665736,3.5669456066945715,-1394.0
2018,TRABZON,46593,33344,13249,80,14.22307481501781,56.86294313705687,12738.0
2019,TRABZON,29603,37502,-7899,80,12.470009596928989,-36.46470499860494,-21148.0
2020,TRABZON,23761,24506,-745,80,-34.65415177857181,-19.734486369624705,7154.0
2021,TRABZON,29914,29442,472,80,20.14200603933731,25.89537477378898,1217.0
2022,TRABZON,28168,30339,-2171,80,3.0466680252700273,-5.836731964966235,-2643.0
2023,TRABZON,41272,35644,5628,80,17.48574442137183,46.52087475149105,7799.0
2008,TUNCELİ,6861,6068,793,80,,,
2009,TUNCELİ,4100,6205,-2105,80,2.2577455504284805,-40.24194723801195,-2898.0
2010,TUNCELİ,6400,6258,142,80,0.8541498791297286,56.09756097560976,2247.0
2011,TUNCELİ,6187,6419,-232,80,2.572706935123037,-3.328125000000004,-374.0
2012,TUNCELİ,5171,5404,-233,80,-15.812431842966191,-16.421529012445447,-1.0
2013,TUNCELİ,8458,5612,2846,80,3.849000740192454,63.566041384645146,3079.0
2014,TUNCELİ,7286,6810,476,80,21.347113328581614,-13.85670371246157,-2370.0
2015,TUNCELİ,6996,8133,-1137,80,19.427312775330407,-3.9802360691737593,-1613.0
2016,TUNCELİ,4822,7031,-2209,80,-13.549735644903482,-31.074899942824473,-1072.0
2017,TUNCELİ,6074,6725,-651,80,-4.3521547432797565,25.964330153463287,1558.0
2018,TUNCELİ,11211,5884,5327,80,-12.505576208178438,84.57359236088244,5978.0
2019,TUNCELİ,6517,8179,-1662,80,39.00407885791979,-41.869592364641875,-6989.0
2020,TUNCELİ,5791,6311,-520,80,-22.838977870155276,-11.140095135798678,1142.0
2021,TUNCELİ,7054,6517,537,80,3.2641419743305367,21.80970471421171,1057.0
2022,TUNCELİ,8081,7578,503,80,16.280497161270514,14.559115395520262,-34.0
2023,TUNCELİ,11806,7234,4572,80,-4.539456320929003,46.09578022521965,4069.0
2008,UŞAK,8666,10222,-1556,80,,,
2009,UŞAK,8693,9644,-951,80,-5.6544707493641155,0.3115624278790641,605.0
2010,UŞAK,8998,9562,-564,80,-0.8502695976773111,3.508570113884746,387.0
2011,UŞAK,8653,10138,-1485,80,6.023844384020083,-3.8341853745276766,-921.0
2012,UŞAK,10351,9435,916,80,-6.934306569343063,19.62325205131168,2401.0
2013,UŞAK,10655,10493,162,80,11.213566507684147,2.9369143077963455,-754.0
2014,UŞAK,10190,10895,-705,80,3.8311255122462695,-4.364148287189118,-867.0
2015,UŞAK,11044,11001,43,80,0.9729233593391395,8.38076545632973,748.0
2016,UŞAK,11737,10701,1036,80,-2.727024815925827,6.274900398406369,993.0
2017,UŞAK,13909,10420,3489,80,-2.6259228109522526,18.505580642412877,2453.0
2018,UŞAK,13691,13011,680,80,24.86564299424183,-1.567330505428144,-2809.0
2019,UŞAK,13117,12363,754,80,-4.980401198985474,-4.192535242129869,74.0
2020,UŞAK,8756,10428,-1672,80,-15.651540888133953,-33.246931462986964,-2426.0
2021,UŞAK,13705,12231,1474,80,17.28998849252015,56.52124257651896,3146.0
2022,UŞAK,13255,12313,942,80,0.6704276019949384,-3.283473184968988,-532.0
2023,UŞAK,14575,13122,1453,80,6.570291561763986,9.958506224066399,511.0
2008,VAN,21187,30275,-9088,80,,,
2009,VAN,22866,27175,-4309,80,-10.239471511147812,7.924670788691168,4779.0
2010,VAN,23231,31312,-8081,80,15.223551057957675,1.5962564506253774,-3772.0
2011,VAN,23415,72273,-48858,80,130.81566172713335,0.7920451121346428,-40777.0
2012,VAN,50003,46639,3364,80,-35.46829383033775,113.5511424300662,52222.0
2013,VAN,32118,38507,-6389,80,-17.436051373314175,-35.76785392876427,-9753.0
2014,VAN,27587,44435,-16848,80,15.39460357857012,-14.107354131639582,-10459.0
2015,VAN,30492,48061,-17569,80,8.16023404973556,10.530322253235225,-721.0
2016,VAN,28902,49035,-20133,80,2.0265912070077663,-5.214482487209759,-2564.0
2017,VAN,31971,48269,-16298,80,-1.5621494850616924,10.618642308490767,3835.0
2018,VAN,34691,44954,-10263,80,-6.867761917586856,8.507710112289256,6035.0
2019,VAN,34372,39575,-5203,80,-11.965564799572892,-0.9195468565333931,5060.0
2020,VAN,26621,38114,-11493,80,-3.691724573594446,-22.550331665308974,-6290.0
2021,VAN,30318,58185,-27867,80,52.66043973343129,13.887532399233681,-16374.0
2022,VAN,33903,62422,-28519,80,7.28194551860446,11.824658618642392,-652.0
2023,VAN,39585,56547,-16962,80,-9.411745858831821,16.759578798336427,11557.0
2008,YALOVA,16656,6542,10114,80,,,
2009,YALOVA,12269,10233,2036,80,56.420055029043105,-26.338856868395776,-8078.0
2010,YALOVA,10455,10984,-529,80,7.339001270399681,-14.785231070176863,-2565.0
2011,YALOVA,10267,9782,485,80,-10.943190094683175,-1.7981826877092266,1014.0
2012,YALOVA,11353,9199,2154,80,-5.9599263954201565,10.57757865004383,1669.0
2013,YALOVA,14670,9808,4862,80,6.62028481356669,29.21694706245046,2708.0
2014,YALOVA,14680,11064,3616,80,12.805872756933123,0.06816632583503957,-1246.0
2015,YALOVA,13834,11497,2337,80,3.9135936370209734,-5.762942779291558,-1279.0
2016,YALOVA,12825,10493,2332,80,-8.732712881621296,-7.293624403643195,-5.0
2017,YALOVA,15754,10719,5035,80,2.1538168302678073,22.8382066276803,2703.0
2018,YALOVA,16232,12905,3327,80,20.393693441552372,3.0341500571283486,-1708.0
2019,YALOVA,14531,12824,1707,80,-0.6276636962417648,-10.479300147856085,-1620.0
2020,YALOVA,14661,10281,4380,80,-19.830006238303177,0.8946390475535138,2673.0
2021,YALOVA,16965,11564,5401,80,12.479330804396449,15.715162676488648,1021.0
2022,YALOVA,18466,12007,6459,80,3.8308543756485625,8.847627468317132,1058.0
2023,YALOVA,22979,12563,10416,80,4.630632131256762,24.439510451640857,3957.0
2008,YOZGAT,15352,30117,-14765,80,,,
2009,YOZGAT,17705,25546,-7841,80,-15.177474516054057,15.326993225638352,6924.0
2010,YOZGAT,16181,29618,-13437,80,15.9398731699679,-8.607737927139226,-5596.0
2011,YOZGAT,15251,26921,-11670,80,-9.105949085015874,-5.747481614238925,1767.0
2012,YOZGAT,14646,24525,-9879,80,-8.900115151740273,-3.966952986689398,1791.0
2013,YOZGAT,16688,26572,-9884,80,8.346585117227324,13.942373344257808,-5.0
2014,YOZGAT,16200,27722,-11522,80,4.327863916905006,-2.9242569511025884,-1638.0
2015,YOZGAT,14933,26804,-11871,80,-3.3114493903758757,-7.820987654320987,-349.0
2016,YOZGAT,17736,21825,-4089,80,-18.57558573347262,18.77050827027389,7782.0
2017,YOZGAT,19074,23498,-4424,80,7.665521191294378,7.543978349120439,-335.0
2018,YOZGAT,25715,22524,3191,80,-4.145033619882543,34.81702841564434,7615.0
2019,YOZGAT,18009,25253,-7244,80,12.115965192683365,-29.966945362628817,-10435.0
2020,YOZGAT,14109,17604,-3495,80,-30.289470557953514,-21.65583874729302,3749.0
2021,YOZGAT,18320,22928,-4608,80,30.243126562144962,29.846197462612523,-1113.0
2022,YOZGAT,19580,22042,-2462,80,-3.864270760642008,6.877729257641918,2146.0
2023,YOZGAT,29124,22387,6737,80,1.565193721077951,48.74361593462717,9199.0
2008,ZONGULDAK,17639,19530,-1891,80,,,
2009,ZONGULDAK,16258,20701,-4443,80,5.9959037378392255,-7.829242020522709,-2552.0
2010,ZONGULDAK,15712,23267,-7555,80,12.39553644751461,-3.358346660105793,-3112.0
2011,ZONGULDAK,15822,23658,-7836,80,1.6804916835002404,0.7001018329938935,-281.0
2012,ZONGULDAK,14279,22687,-8408,80,-4.104319891791364,-9.752243711288077,-572.0
2013,ZONGULDAK,17006,25571,-8565,80,12.71212588707189,19.097976048742904,-157.0
2014,ZONGULDAK,18115,24783,-6668,80,-3.0816158930037973,6.521227801952256,1897.0
2015,ZONGULDAK,18244,25340,-7096,80,2.2475083726748224,0.7121170300855573,-428.0
2016,ZONGULDAK,19991,21933,-1942,80,-13.445146014206788,9.575750931813198,5154.0
2017,ZONGULDAK,19421,22541,-3120,80,2.772078603018291,-2.8512830773848252,-1178.0
2018,ZONGULDAK,24363,24105,258,80,6.938467681114413,25.44668142732094,3378.0
2019,ZONGULDAK,19654,26251,-6597,80,8.902717278572903,-19.328489923244263,-6855.0
2020,ZONGULDAK,15243,19593,-4350,80,-25.36284332025447,-22.443268545843086,2247.0
2021,ZONGULDAK,20883,21991,-1108,80,12.239064972183943,37.000590434953736,3242.0
2022,ZONGULDAK,20334,21695,-1361,80,-1.346005183938881,-2.628932624622904,-253.0
2023,ZONGULDAK,26828,22615,4213,80,4.240608435123305,31.93665781449788,5574.0
2008,ÇANAKKALE,16390,14246,2144,80,,,
2009,ÇANAKKALE,15412,14802,610,80,3.902849922785334,-5.967053081147045,-1534.0
2010,ÇANAKKALE,16578,15420,1158,80,4.175111471422777,7.565533350635878,548.0
2011,ÇANAKKALE,17278,15623,1655,80,1.316472114137479,4.222463505851137,497.0
2012,ÇANAKKALE,23252,14374,8878,80,-7.9946233117839105,34.57576108345872,7223.0
2013,ÇANAKKALE,24766,18238,6528,80,26.881870043133425,6.51126784792706,-2350.0
2014,ÇANAKKALE,27429,20540,6889,80,12.621998026099357,10.752644754905916,361.0
2015,ÇANAKKALE,25096,23005,2091,80,12.000973709834462,-8.505596266725002,-4798.0
2016,ÇANAKKALE,25116,20024,5092,80,-12.95805259726146,0.07969397513547527,3001.0
2017,ÇANAKKALE,26088,20540,5548,80,2.5769077107471006,3.870043000477774,456.0
2018,ÇANAKKALE,29473,21068,8405,80,2.570593962999035,12.97531432076051,2857.0
2019,ÇANAKKALE,25198,22293,2905,80,5.814505411049931,-14.504801004309032,-5500.0
2020,ÇANAKKALE,21055,19022,2033,80,-14.672767236352213,-16.441781093737596,-872.0
2021,ÇANAKKALE,31210,19429,11781,80,2.139627799390187,48.23082403229637,9748.0
2022,ÇANAKKALE,27747,22233,5514,80,14.43203458747233,-11.095802627363028,-6267.0
2023,ÇANAKKALE,32719,22615,10104,80,1.7181666891557645,17.919054312177884,4590.0
2008,ÇANKIRI,12680,11612,1068,80,,,
2009,ÇANKIRI,20166,11831,8335,80,1.8859800206682653,59.0378548895899,7267.0
2010,ÇANKIRI,11536,17958,-6422,80,51.78767644324233,-42.794803133987905,-14757.0
2011,ÇANKIRI,10582,14322,-3740,80,-20.24724356832609,-8.269764216366159,2682.0
2012,ÇANKIRI,17050,10609,6441,80,-25.925150118698504,61.122661122661114,10181.0
2013,ÇANKIRI,22290,16991,5299,80,60.156470920916206,30.733137829912028,-1142.0
2014,ÇANKIRI,14519,23080,-8561,80,35.83661938673415,-34.86316733961418,-13860.0
2015,ÇANKIRI,12702,16148,-3446,80,-30.034662045060657,-12.514635994214473,5115.0
2016,ÇANKIRI,13371,13088,283,80,-18.949715135001245,5.266887104393003,3729.0
2017,ÇANKIRI,13849,13504,345,80,3.17848410757946,3.5749009049435454,62.0
2018,ÇANKIRI,40460,12433,28027,80,-7.930983412322279,192.15105783811106,27682.0
2019,ÇANKIRI,11381,32275,-20894,80,159.59140995737152,-71.87098368759268,-48921.0
2020,ÇANKIRI,9955,12614,-2659,80,-60.91711851278079,-12.529654687637294,18235.0
2021,ÇANKIRI,15288,12457,2831,80,-1.2446488029173919,53.57106981416373,5490.0
2022,ÇANKIRI,13649,14061,-412,80,12.876294452918046,-10.720826792255366,-3243.0
2023,ÇANKIRI,25333,13438,11895,80,-4.430694829670722,85.60334090409553,12307.0
2008,ÇORUM,15828,24072,-8244,80,,,
2009,ÇORUM,13672,22699,-9027,80,-5.703722166832836,-13.621430376547893,-783.0
2010,ÇORUM,14462,22860,-8398,80,0.7092823472399701,5.7782328847279185,629.0
2011,ÇORUM,15174,22441,-7267,80,-1.8328958880139967,4.923247130410724,1131.0
2012,ÇORUM,13289,20610,-7321,80,-8.159172942382241,-12.422564913668122,-54.0
2013,ÇORUM,17073,21460,-4387,80,4.124211547792345,28.47467830536534,2934.0
2014,ÇORUM,15875,24652,-8777,80,14.874184529356938,-7.016927312130261,-4390.0
2015,ÇORUM,16286,22636,-6350,80,-8.17783546973876,2.5889763779527453,2427.0
2016,ÇORUM,16688,20420,-3732,80,-9.789715497437712,2.46837774775881,2618.0
2017,ÇORUM,17214,20880,-3666,80,2.252693437806075,3.1519654841802414,66.0
2018,ÇORUM,24363,20212,4151,80,-3.1992337164750917,41.53014987800627,7817.0
2019,ÇORUM,16006,23425,-7419,80,15.896497130417565,-34.30201535114723,-11570.0
2020,ÇORUM,15672,15051,621,80,-35.74813233724653,-2.0867174809446443,8040.0
2021,ÇORUM,18029,22011,-3982,80,46.24277456647399,15.03956100051047,-4603.0
2022,ÇORUM,18723,20448,-1725,80,-7.10099495706692,3.849353818847412,2257.0
2023,ÇORUM,27902,20273,7629,80,-0.8558294209702666,49.025263045452114,9354.0
2008,İSTANBUL,374868,348193,26675,80,,,
2009,İSTANBUL,388467,348986,39481,80,0.2277472551142523,3.627676942283675,12806.0
2010,İSTANBUL,439515,336932,102583,80,-3.4540067509871486,13.140884553900323,63102.0
2011,İSTANBUL,450445,328663,121782,80,-2.4542044091982906,2.486832076265877,19199.0
2012,İSTANBUL,384535,354074,30461,80,7.731627837633082,-14.632197049584295,-91321.0
2013,İSTANBUL,437922,371601,66321,80,4.9500951778441715,13.88352165602611,35860.0
2014,İSTANBUL,438998,424662,14336,80,14.279025083355545,0.24570585629404285,-51985.0
2015,İSTANBUL,453407,402864,50543,80,-5.133023439818018,3.282247299532126,36207.0
2016,İSTANBUL,369582,440889,-71307,80,9.438669129036104,-18.487804555289177,-121850.0
2017,İSTANBUL,416587,422559,-5972,80,-4.157509032885831,12.718422433992993,65335.0
2018,İSTANBUL,385482,595803,-210321,80,40.998771769149386,-7.4666276192007945,-204349.0
2019,İSTANBUL,498676,378305,120371,80,-36.50501927650582,29.364276412387614,330692.0
2020,İSTANBUL,328632,381654,-53022,80,0.8852645352295019,-34.09909440197644,-173393.0
2021,İSTANBUL,385328,408165,-22837,80,6.946344070807586,17.252123956279377,30185.0
2022,İSTANBUL,385294,418082,-32788,80,2.4296546739676295,-0.008823651538425459,-9951.0
2023,İSTANBUL,412707,581330,-168623,80,39.04688553920044,7.114826599947044,-135835.0
2008,İZMİR,117067,89819,27248,80,,,
2009,İZMİR,116390,89517,26873,80,-0.33623175497389246,-0.5783013146317906,-375.0
2010,İZMİR,111255,99775,11480,80,11.459275891730059,-4.411891055932637,-15393.0
2011,İZMİR,110364,101420,8944,80,1.6487095965923348,-0.8008628825670772,-2536.0
2012,İZMİR,105804,95954,9850,80,-5.389469532636559,-4.131782102859627,906.0
2013,İZMİR,113673,99681,13992,80,3.8841528232278044,7.437336962685714,4142.0
2014,İZMİR,124439,101447,22992,80,1.7716515685035183,9.47102654104317,9000.0
2015,İZMİR,126238,105389,20849,80,3.8857728666200186,1.445688248860888,-2143.0
2016,İZMİR,122668,98902,23766,80,-6.155291349192038,-2.827991571476096,2917.0
2017,İZMİR,127394,102776,24618,80,3.9170087561424483,3.8526755143965863,852.0
2018,İZMİR,130092,117113,12979,80,13.949754806569636,2.117839144700695,-11639.0
2019,İZMİR,128370,106895,21475,80,-8.724906714028336,-1.3236786274328893,8496.0
2020,İZMİR,107172,92400,14772,80,-13.560035548903127,-16.513204019630756,-6703.0
2021,İZMİR,131394,109470,21924,80,18.474025974025963,22.60105251371627,7152.0
2022,İZMİR,132426,107312,25114,80,-1.9713163423769053,0.7854239919631079,3190.0
2023,İZMİR,147765,125643,22122,80,17.08196660205754,11.583072810475281,-2992.0
2008,ŞANLIURFA,25510,37282,-11772,80,,,
2009,ŞANLIURFA,27190,35154,-7964,80,-5.7078482914006745,6.585652685221488,3808.0
2010,ŞANLIURFA,32555,37555,-5000,80,6.8299482277977,19.731518940787062,2964.0
2011,ŞANLIURFA,35888,41570,-5682,80,10.690986553055515,10.238058669943184,-682.0
2012,ŞANLIURFA,31890,44878,-12988,80,7.957661775318736,-11.14021399910834,-7306.0
2013,ŞANLIURFA,33383,47429,-14046,80,5.684299656847447,4.681718407024138,-1058.0
2014,ŞANLIURFA,35670,49030,-13360,80,3.375571907482766,6.850792319444032,686.0
2015,ŞANLIURFA,40135,50580,-10445,80,3.1613297980828126,12.517521726941405,2915.0
2016,ŞANLIURFA,38662,49789,-11127,80,-1.5638592328983791,-3.670113367385075,-682.0
2017,ŞANLIURFA,40058,52648,-12590,80,5.742232219968257,3.6107806114531016,-1463.0
2018,ŞANLIURFA,44448,56748,-12300,80,7.787570278073241,10.95910929152728,290.0
2019,ŞANLIURFA,41841,60885,-19044,80,7.290124762106154,-5.865280777537796,-6744.0
2020,ŞANLIURFA,37720,47194,-9474,80,-22.486655169582004,-9.849190984919098,9570.0
2021,ŞANLIURFA,40371,66987,-26616,80,41.939653345764285,7.028101802757147,-17142.0
2022,ŞANLIURFA,45648,68264,-22616,80,1.9063400361264193,13.071264026157392,4000.0
2023,ŞANLIURFA,63205,63559,-354,80,-6.8923590765264215,38.461706975113906,22262.0
2008,ŞIRNAK,13223,15877,-2654,80,,,
2009,ŞIRNAK,8356,13025,-4669,80,-17.96309126409271,-36.807078575209864,-2015.0
2010,ŞIRNAK,11733,13554,-1821,80,4.0614203454894415,40.414073719483,2848.0
2011,ŞIRNAK,13403,13957,-554,80,2.973292017116713,14.233358902241534,1267.0
2012,ŞIRNAK,11075,14617,-3542,80,4.728809916171106,-17.369245691263146,-2988.0
2013,ŞIRNAK,13031,13753,-722,80,-5.910925634535136,17.661399548532742,2820.0
2014,ŞIRNAK,12749,16142,-3393,80,17.370755471533485,-2.1640702939145107,-2671.0
2015,ŞIRNAK,11554,23615,-12061,80,46.295378515673406,-9.373284179151309,-8668.0
2016,ŞIRNAK,11102,24122,-13020,80,2.146940503916994,-3.912065085684613,-959.0
2017,ŞIRNAK,19672,15186,4486,80,-37.04502114252549,77.19329850477392,17506.0
2018,ŞIRNAK,19779,15485,4294,80,1.9689187409456022,0.5439202928019471,-192.0
2019,ŞIRNAK,16365,20724,-4359,80,33.832741362608985,-17.2607310784165,-8653.0
2020,ŞIRNAK,14461,15008,-547,80,-27.58154796371357,-11.634586006721658,3812.0
2021,ŞIRNAK,17072,20431,-3359,80,36.134061833688705,18.05545951179033,-2812.0
2022,ŞIRNAK,20096,23469,-3373,80,14.869560961284334,17.713214620431117,-14.0
2023,ŞIRNAK,22726,21572,1154,80,-8.083003110486175,13.087181528662416,4527.0
