year,province,in_migration,out_migration,net_migration,out_migration_growth
2008,ADANA,45493,58316,-12823,
2009,ADANA,53685,54109,-424,-7.214143631250424
2010,ADANA,53096,57402,-4306,6.085863719529105
2011,ADANA,50523,62402,-11879,8.71049789205951
2012,ADANA,45927,59294,-13367,-4.9806095958462855
2013,ADANA,50598,62933,-12335,6.137214557965387
2014,ADANA,51562,63181,-11619,0.39406988384471653
2015,ADANA,52647,64192,-11545,1.60016460644814
2016,ADANA,51466,60759,-9293,-5.348018444666003
2017,ADANA,49509,62834,-13325,3.4151319146134673
2018,ADANA,51660,70638,-18978,12.42002737371486
2019,ADANA,52290,60900,-8610,-13.785781024377819
2020,ADANA,47088,45832,1256,-24.742200328407225
2021,ADANA,53649,65628,-11979,43.192529237214174
2022,ADANA,55018,62156,-7138,-5.290424818674955
2023,ADANA,66104,77898,-11794,25.326597593152723
2024,ADANA,55342,56108,-766,-27.972476828673397
2008,ADIYAMAN,12155,20971,-8816,
2009,ADIYAMAN,12091,18295,-6204,-12.760478756377857
2010,ADIYAMAN,14150,20135,-5985,10.057392730254167
2011,ADIYAMAN,13873,23939,-10066,18.892475788428122
2012,ADIYAMAN,14323,22591,-8268,-5.630978737624792
2013,ADIYAMAN,15715,24077,-8362,6.5778407330352895
2014,ADIYAMAN,16578,24330,-7752,1.0507953648710489
2015,ADIYAMAN,18523,24064,-5541,-1.09330045211673
2016,ADIYAMAN,18789,21201,-2412,-11.897440159574469
2017,ADIYAMAN,18040,22741,-4701,7.263808310928721
2018,ADIYAMAN,22034,22897,-863,0.6859856646585394
2019,ADIYAMAN,17619,24821,-7202,8.402847534611514
2020,ADIYAMAN,16163,16936,-773,-31.767454977639897
2021,ADIYAMAN,17598,24860,-7262,46.78790741615493
2022,ADIYAMAN,18780,23359,-4579,-6.037811745776345
2023,ADIYAMAN,23294,48372,-25078,107.0807825677469
2024,ADIYAMAN,22295,21158,1137,-56.25981973042256
2008,AFYONKARAHİSAR,18270,24861,-6591,
2009,AFYONKARAHİSAR,20223,22256,-2033,-10.478259120711153
2010,AFYONKARAHİSAR,17451,24119,-6668,8.37077641984183
2011,AFYONKARAHİSAR,17219,24063,-6844,-0.23218209710187399
2012,AFYONKARAHİSAR,24167,21738,2429,-9.66213689066201
2013,AFYONKARAHİSAR,22200,26799,-4599,23.28181065415402
2014,AFYONKARAHİSAR,21414,27100,-5686,1.1231762379193322
2015,AFYONKARAHİSAR,22922,26226,-3304,-3.225092250922512
2016,AFYONKARAHİSAR,22467,24400,-1933,-6.962556241897355
2017,AFYONKARAHİSAR,21453,25483,-4030,4.438524590163939
2018,AFYONKARAHİSAR,26976,25049,1927,-1.7030961817682377
2019,AFYONKARAHİSAR,23818,27006,-3188,7.8126871332188985
2020,AFYONKARAHİSAR,18439,19434,-995,-28.03821373028216
2021,AFYONKARAHİSAR,24643,25327,-684,30.323145003601937
2022,AFYONKARAHİSAR,23667,25425,-1758,0.38693883997316103
2023,AFYONKARAHİSAR,30431,26427,4004,3.9410029498525123
2024,AFYONKARAHİSAR,20801,25035,-4234,-5.267340220229311
2008,AKSARAY,11146,12596,-1450,
2009,AKSARAY,10217,12587,-2370,-0.07145125436646138
2010,AKSARAY,10159,13225,-3066,5.068721696988954
2011,AKSARAY,10778,13142,-2364,-0.627599243856336
2012,AKSARAY,10667,12374,-1707,-5.843859382133621
2013,AKSARAY,11491,13726,-2235,10.926135445288509
2014,AKSARAY,11936,14577,-2641,6.199912574675803
2015,AKSARAY,12205,14164,-1959,-2.8332304315016765
2016,AKSARAY,15234,12294,2940,-13.202485173679756
2017,AKSARAY,14139,13799,340,12.241743940133398
2018,AKSARAY,16680,14441,2239,4.652511051525465
2019,AKSARAY,13689,15672,-1983,8.52434041963852
2020,AKSARAY,12208,12311,-103,-21.445890760592135
2021,AKSARAY,14210,15529,-1319,26.13922508325888
2022,AKSARAY,14264,14147,117,-8.899478395260484
2023,AKSARAY,20400,15112,5288,6.821234183925928
2024,AKSARAY,13969,14893,-924,-1.4491794600317576
2008,AMASYA,11748,14268,-2520,
2009,AMASYA,11533,13187,-1654,-7.57639472946453
2010,AMASYA,11729,13726,-1997,4.087358762417526
2011,AMASYA,11424,14142,-2718,3.030744572344446
2012,AMASYA,11228,13128,-1900,-7.170131523122613
2013,AMASYA,12379,14658,-2279,11.654478976233996
2014,AMASYA,12970,14817,-1847,1.0847318870241596
2015,AMASYA,13957,15092,-1135,1.8559762435040872
2016,AMASYA,15395,13609,1786,-9.826398091704213
2017,AMASYA,14326,14675,-349,7.8330516569917075
2018,AMASYA,16760,15237,1523,3.829642248722309
2019,AMASYA,13329,14813,-1484,-2.782700006562977
2020,AMASYA,12241,11347,894,-23.398366299871732
2021,AMASYA,15244,14540,704,28.13959636908434
2022,AMASYA,15217,13847,1370,-4.766162310866573
2023,AMASYA,19307,15046,4261,8.65891528851015
2024,AMASYA,13879,14446,-567,-3.987770836102622
2008,ANKARA,156760,126198,30562,
2009,ANKARA,168193,131114,37079,3.8954658552433408
2010,ANKARA,182845,133440,49405,1.7740287078420236
2011,ANKARA,191864,137385,54479,2.956384892086339
2012,ANKARA,160235,137834,22401,0.32681879390035196
2013,ANKARA,186642,153791,32851,11.576969397971482
2014,ANKARA,203621,163612,40009,6.385939359260284
2015,ANKARA,204048,153001,51047,-6.4854656137691595
2016,ANKARA,177166,159915,17251,4.518924712910377
2017,ANKARA,188100,156058,32042,-2.41190632523528
2018,ANKARA,184382,221747,-37365,42.09268348947186
2019,ANKARA,211744,154464,57280,-30.342236873554096
2020,ANKARA,153162,141165,11997,-8.609773151025479
2021,ANKARA,197702,165604,32098,17.31236496298658
2022,ANKARA,189104,161912,27192,-2.2294147484360316
2023,ANKARA,232700,208740,23960,28.92188349226741
2024,ANKARA,202402,150373,52029,-27.9615789977963
2008,ANTALYA,92031,55806,36225,
2009,ANTALYA,75696,58632,17064,5.063971615955265
2010,ANTALYA,86907,61662,25245,5.1678264428980825
2011,ANTALYA,89731,62875,26856,1.9671758943920148
2012,ANTALYA,83596,62893,20703,0.028628230616312145
2013,ANTALYA,88605,64075,24530,1.8793824431971862
2014,ANTALYA,93057,64631,28426,0.8677331252438636
2015,ANTALYA,96441,68374,28067,5.791338521762013
2016,ANTALYA,79203,73119,6084,6.939772428115942
2017,ANTALYA,87232,72178,15054,-1.2869432021772709
2018,ANTALYA,95920,80349,15571,11.320624012857095
2019,ANTALYA,100140,68494,31646,-14.754383999800869
2020,ANTALYA,83035,62325,20710,-9.006628317808863
2021,ANTALYA,88305,80505,7800,29.1696750902527
2022,ANTALYA,92004,78986,13018,-1.8868393267498895
2023,ANTALYA,118356,88758,29598,12.371812726305919
2024,ANTALYA,96618,71999,24619,-18.881678271254422
2008,ARDAHAN,4640,7447,-2807,
2009,ARDAHAN,3775,7033,-3258,-5.559285618369813
2010,ARDAHAN,4586,6857,-2271,-2.502488269586234
2011,ARDAHAN,4908,6673,-1765,-2.6833892372757795
2012,ARDAHAN,4923,5986,-1063,-10.29521954143564
2013,ARDAHAN,5254,7633,-2379,27.514199799532246
2014,ARDAHAN,5323,8033,-2710,5.240403511070357
2015,ARDAHAN,5630,7802,-2172,-2.8756379932777243
2016,ARDAHAN,5164,6880,-1716,-11.817482696744419
2017,ARDAHAN,5284,7154,-1870,3.9825581395348753
2018,ARDAHAN,7342,6376,966,-10.87503494548504
2019,ARDAHAN,5164,7028,-1864,10.225846925972393
2020,ARDAHAN,4085,5215,-1130,-25.796812749003983
2021,ARDAHAN,4750,6445,-1695,23.585810162991372
2022,ARDAHAN,5391,8157,-2766,26.5632273079907
2023,ARDAHAN,6856,6811,45,-16.501164643864165
2024,ARDAHAN,4570,6441,-1871,-5.432388782851271
2008,ARTVİN,6700,8660,-1960,
2009,ARTVİN,6206,7547,-1341,-12.852193995381068
2010,ARTVİN,7115,7988,-873,5.843381476083209
2011,ARTVİN,7948,7948,0,-0.5007511266900355
2012,ARTVİN,7286,7612,-326,-4.227478610971314
2013,ARTVİN,10053,8644,1409,13.557540725170792
2014,ARTVİN,9551,10187,-636,17.850532161036558
2015,ARTVİN,9050,10969,-1919,7.676450377932653
2016,ARTVİN,8240,9283,-1043,-15.370589844106119
2017,ARTVİN,7788,10146,-2358,9.296563610901654
2018,ARTVİN,15934,8876,7058,-12.517248176621331
2019,ARTVİN,8403,11676,-3273,31.54574132492114
2020,ARTVİN,6358,7801,-1443,-33.18773552586502
2021,ARTVİN,8238,8224,14,5.422381745930016
2022,ARTVİN,9983,9879,104,20.124027237354092
2023,ARTVİN,13425,10352,3073,4.787934001417149
2024,ARTVİN,7670,10400,-2730,0.46367851622874934
2008,AYDIN,34375,25577,8798,
2009,AYDIN,28524,27640,884,8.0658404034875
2010,AYDIN,29971,29923,48,8.259768451519545
2011,AYDIN,32077,31056,1021,3.7863850549744393
2012,AYDIN,32412,29623,2789,-4.6142452344152485
2013,AYDIN,34688,32338,2350,9.165175708064677
2014,AYDIN,45842,32396,13446,0.17935555692991656
2015,AYDIN,42743,37689,5054,16.338436844054826
2016,AYDIN,40363,33119,7244,-12.125553875135985
2017,AYDIN,41352,35339,6013,6.703100939038009
2018,AYDIN,47005,36462,10543,3.177792240867028
2019,AYDIN,40439,36180,4259,-0.773407931545167
2020,AYDIN,35455,30996,4459,-14.328358208955228
2021,AYDIN,46485,37246,9239,20.163892115111626
2022,AYDIN,45705,36499,9206,-2.0055844922944766
2023,AYDIN,52916,41605,11311,13.989424367790892
2024,AYDIN,40849,35832,5017,-13.875736089412328
2008,AĞRI,12195,27450,-15255,
2009,AĞRI,12115,22613,-10498,-17.62112932604736
2010,AĞRI,14950,22966,-8016,1.5610489541414196
2011,AĞRI,15508,25182,-9674,9.649046416441687
2012,AĞRI,12856,27984,-15128,11.12699547295688
2013,AĞRI,14725,28477,-13752,1.7617209834190906
2014,AĞRI,14480,30995,-16515,8.842223548828887
2015,AĞRI,16597,32174,-15577,3.80383932892403
2016,AĞRI,14306,30811,-16505,-4.2363399017840475
2017,AĞRI,15088,32479,-17391,5.4136509688098355
2018,AĞRI,20091,29482,-9391,-9.227500846700941
2019,AĞRI,16342,28158,-11816,-4.490875788616789
2020,AĞRI,14626,24353,-9727,-13.513033596136093
2021,AĞRI,14858,34800,-19942,42.898205559889945
2022,AĞRI,16871,37676,-20805,8.264367816091944
2023,AĞRI,23324,30696,-7372,-18.526382843189293
2024,AĞRI,14411,30970,-16559,0.8926244461819222
2008,BALIKESİR,37407,31129,6278,
2009,BALIKESİR,33275,31291,1984,0.5204150470622171
2010,BALIKESİR,36784,35162,1622,12.370969288293754
2011,BALIKESİR,37143,36638,505,4.197713440646145
2012,BALIKESİR,34922,35315,-393,-3.6110049675200595
2013,BALIKESİR,38710,39688,-978,12.382840152909536
2014,BALIKESİR,57551,39918,17633,0.5795202580124892
2015,BALIKESİR,43296,48892,-5596,22.48108622676486
2016,BALIKESİR,43475,38566,4909,-21.12001963511413
2017,BALIKESİR,43998,40371,3627,4.6802883368770365
2018,BALIKESİR,55238,40028,15210,-0.8496197765722968
2019,BALIKESİR,41467,42931,-1464,7.2524233036874275
2020,BALIKESİR,40715,31561,9154,-26.484358621974803
2021,BALIKESİR,50218,40287,9931,27.648046639840306
2022,BALIKESİR,49652,40975,8677,1.7077469158785608
2023,BALIKESİR,60574,43098,17476,5.181208053691266
2024,BALIKESİR,44834,40371,4463,-6.327439788389255
2008,BARTIN,8418,6325,2093,
2009,BARTIN,7566,7104,462,12.316205533596847
2010,BARTIN,6902,7859,-957,10.627815315315313
2011,BARTIN,6560,7619,-1059,-3.0538236416846942
2012,BARTIN,7145,7330,-185,-3.7931487071794168
2013,BARTIN,7886,8133,-247,10.954979536152788
2014,BARTIN,7794,8903,-1109,9.467601131193891
2015,BARTIN,8872,8113,759,-8.87341345613838
2016,BARTIN,8940,8108,832,-0.0616294835449227
2017,BARTIN,8759,8144,615,0.44400592007893813
2018,BARTIN,13399,8813,4586,8.214636542239685
2019,BARTIN,9423,10708,-1285,21.50232610915692
2020,BARTIN,7585,7441,144,-30.50989914082929
2021,BARTIN,10907,8794,2113,18.18303991399006
2022,BARTIN,9990,8634,1356,-1.8194223334091375
2023,BARTIN,13197,8926,4271,3.381978225619653
2024,BARTIN,9439,9569,-130,7.203674658301584
2008,BATMAN,16467,19669,-3202,
2009,BATMAN,18326,16855,1471,-14.306777162031626
2010,BATMAN,19561,18839,722,11.770987837436952
2011,BATMAN,18429,19902,-1473,5.6425500291947595
2012,BATMAN,15906,20739,-4833,4.20560747663552
2013,BATMAN,18816,20209,-1393,-2.5555716283330976
2014,BATMAN,18543,21515,-2972,6.462467217576329
2015,BATMAN,18872,23216,-4344,7.9061120148733455
2016,BATMAN,18757,21489,-2732,-7.438835286009649
2017,BATMAN,19889,22323,-2434,3.8810554237051598
2018,BATMAN,23099,22525,574,0.9048962953008166
2019,BATMAN,20902,23325,-2423,3.5516093229744694
2020,BATMAN,18598,17593,1005,-24.574490889603428
2021,BATMAN,19002,24411,-5409,38.75404990621269
2022,BATMAN,20528,24070,-3542,-1.3969112285445062
2023,BATMAN,27888,25138,2750,4.43705857914416
2024,BATMAN,20987,22923,-1936,-8.811361285702922
2008,BAYBURT,2996,4949,-1953,
2009,BAYBURT,3101,4420,-1319,-10.689028086482121
2010,BAYBURT,3984,4780,-796,8.14479638009049
2011,BAYBURT,3997,4570,-573,-4.3933054393305415
2012,BAYBURT,3664,4085,-421,-10.612691466083145
2013,BAYBURT,4787,4677,110,14.49204406364748
2014,BAYBURT,8912,5583,3329,19.371391917896098
2015,BAYBURT,7150,9281,-2131,66.2367902561347
2016,BAYBURT,16981,6653,10328,-28.315914233380024
2017,BAYBURT,5648,15820,-10172,137.78746430181874
2018,BAYBURT,9450,7772,1678,-50.87231352718078
2019,BAYBURT,9131,7882,1249,1.4153371075656285
2020,BAYBURT,4427,7433,-3006,-5.696523724942903
2021,BAYBURT,9019,6382,2637,-14.139647517825916
2022,BAYBURT,7031,8232,-1201,28.987778125979325
2023,BAYBURT,10202,8309,1893,0.9353741496598733
2024,BAYBURT,5644,8639,-2995,3.971597063425203
2008,BOLU,10049,11032,-983,
2009,BOLU,12808,10124,2684,-8.230601885424216
2010,BOLU,11874,11926,-52,17.799288818648762
2011,BOLU,12545,11386,1159,-4.527922186818712
2012,BOLU,13136,9677,3459,-15.00966098717723
2013,BOLU,13138,12401,737,28.14921979952465
2014,BOLU,13264,13065,199,5.354406902669129
2015,BOLU,14681,12401,2280,-5.082280903176429
2016,BOLU,18528,11762,6766,-5.1528102572373164
2017,BOLU,14839,13643,1196,15.992178200986217
2018,BOLU,18307,14827,3480,8.678443157663263
2019,BOLU,15997,15068,929,1.6254130977271242
2020,BOLU,11430,12565,-1135,-16.61136182638705
2021,BOLU,18470,14162,4308,12.709908475925191
2022,BOLU,15750,14224,1526,0.4377912724191413
2023,BOLU,18099,15105,2994,6.193757030371194
2024,BOLU,13869,13362,507,-11.539225422045686
2008,BURDUR,9674,10019,-345,
2009,BURDUR,8144,8659,-515,-13.574209002894499
2010,BURDUR,9439,8904,535,2.829426030719473
2011,BURDUR,8873,9712,-839,9.074573225516612
2012,BURDUR,11473,8497,2976,-12.510296540362443
2013,BURDUR,11156,10001,1155,17.70036483464752
2014,BURDUR,10235,12271,-2036,22.6977302269773
2015,BURDUR,12537,12247,290,-0.1955830820633997
2016,BURDUR,12337,11059,1278,-9.700334775863473
2017,BURDUR,12745,11786,959,6.573831268649966
2018,BURDUR,15417,12537,2880,6.371966740200241
2019,BURDUR,12134,13603,-1469,8.502831618409502
2020,BURDUR,9201,11422,-2221,-16.033227964419616
2021,BURDUR,15859,11489,4370,0.5865872876904321
2022,BURDUR,14684,13187,1497,14.779354164853341
2023,BURDUR,18013,14536,3477,10.229771744900273
2024,BURDUR,11746,13550,-1804,-6.783159053384702
2008,BURSA,82964,47370,35594,
2009,BURSA,66615,56368,10247,18.995144606290904
2010,BURSA,72640,57220,15420,1.5114958841896176
2011,BURSA,74243,58258,15985,1.8140510311080105
2012,BURSA,67736,61520,6216,5.59923100690034
2013,BURSA,75518,61744,13774,0.3641092327698381
2014,BURSA,80717,65027,15690,5.317115833117381
2015,BURSA,84253,64558,19695,-0.7212388700078454
2016,BURSA,84458,63812,20646,-1.1555500480188385
2017,BURSA,86119,64905,21214,1.7128439791888717
2018,BURSA,80940,80086,854,23.389569370618602
2019,BURSA,85596,68356,17240,-14.646754738655943
2020,BURSA,77039,53940,23099,-21.089589794604713
2021,BURSA,92019,76678,15341,42.1542454579162
2022,BURSA,90863,70447,20416,-8.126190041472125
2023,BURSA,95935,89763,6172,27.41919457180575
2024,BURSA,81656,66440,15216,-25.98286599155554
2008,BİLECİK,8206,8793,-587,
2009,BİLECİK,8283,8251,32,-6.163994086204938
2010,BİLECİK,8876,8690,186,5.320567203975268
2011,BİLECİK,9250,8914,336,2.5776754890678877
2012,BİLECİK,10387,8118,2269,-8.929773390172757
2013,BİLECİK,10231,9202,1029,13.353042621335298
2014,BİLECİK,10090,10114,-24,9.910888937187568
2015,BİLECİK,10890,9806,1084,-3.0452837650781106
2016,BİLECİK,11031,9911,1120,1.0707729961248136
2017,BİLECİK,11744,9359,2385,-5.569569165573607
2018,BİLECİK,11956,12597,-641,34.597713430922106
2019,BİLECİK,10565,10582,-17,-15.995872033023739
2020,BİLECİK,8297,8439,-142,-20.251370251370247
2021,BİLECİK,11974,8855,3119,4.929494015878655
2022,BİLECİK,12078,9453,2625,6.7532467532467555
2023,BİLECİK,13762,11323,2439,19.782079763038183
2024,BİLECİK,10023,10038,-15,-11.348582531131324
2008,BİNGÖL,8977,10192,-1215,
2009,BİNGÖL,6986,10726,-3740,5.239403453689162
2010,BİNGÖL,8453,10448,-1995,-2.5918329293305953
2011,BİNGÖL,9292,10782,-1490,3.1967840735068975
2012,BİNGÖL,7569,11145,-3576,3.366722314969395
2013,BİNGÖL,10968,10940,28,-1.8393898609241788
2014,BİNGÖL,9400,12852,-3452,17.477148080438766
2015,BİNGÖL,9906,13122,-3216,2.1008403361344463
2016,BİNGÖL,10304,11205,-901,-14.609053497942382
2017,BİNGÖL,11979,11941,38,6.568496207050423
2018,BİNGÖL,15770,12216,3554,2.3029896993551624
2019,BİNGÖL,11266,14879,-3613,21.799279633267844
2020,BİNGÖL,9497,10633,-1136,-28.536864036561592
2021,BİNGÖL,12027,13376,-1349,25.797046929370836
2022,BİNGÖL,11900,14926,-3026,11.587918660287077
2023,BİNGÖL,15784,14325,1459,-4.026530885702806
2024,BİNGÖL,10029,13794,-3765,-3.706806282722508
2008,BİTLİS,11721,20957,-9236,
2009,BİTLİS,11594,16485,-4891,-21.33893209905998
2010,BİTLİS,10800,15347,-4547,-6.903245374582956
2011,BİTLİS,11419,16610,-5191,8.229621424382616
2012,BİTLİS,10998,16886,-5888,1.6616496086694799
2013,BİTLİS,11314,16174,-4860,-4.216510718938771
2014,BİTLİS,11447,17470,-6023,8.012860145913203
2015,BİTLİS,11936,18801,-6865,7.618775042930737
2016,BİTLİS,12571,18074,-5503,-3.866815594915163
2017,BİTLİS,12989,19097,-6108,5.660064180590907
2018,BİTLİS,17602,17398,204,-8.896685343247634
2019,BİTLİS,12385,19050,-6665,9.495344292447406
2020,BİTLİS,12050,14223,-2173,-25.338582677165356
2021,BİTLİS,14158,18814,-4656,32.278703508401875
2022,BİTLİS,15111,19885,-4774,5.692569363240141
2023,BİTLİS,19286,19795,-509,-0.4526024641689719
2024,BİTLİS,13700,18195,-4495,-8.082849204344534
2008,DENİZLİ,22721,22120,601,
2009,DENİZLİ,20119,21706,-1587,-1.8716094032549702
2010,DENİZLİ,21863,23468,-1605,8.117571178476002
2011,DENİZLİ,23454,23853,-399,1.6405317879665926
2012,DENİZLİ,24446,21992,2454,-7.801953632666747
2013,DENİZLİ,27088,24039,3049,9.307930156420507
2014,DENİZLİ,28279,24771,3508,3.045051790839892
2015,DENİZLİ,30185,24961,5224,0.7670259577732041
2016,DENİZLİ,28170,24794,3376,-0.6690437081847689
2017,DENİZLİ,28855,25466,3389,2.710333145115751
2018,DENİZLİ,28047,28906,-859,13.508207021126207
2019,DENİZLİ,26235,27146,-911,-6.088701307686984
2020,DENİZLİ,22534,21370,1164,-21.277536285272237
2021,DENİZLİ,30589,27480,3109,28.591483387927006
2022,DENİZLİ,29528,26478,3050,-3.646288209606985
2023,DENİZLİ,32655,29994,2661,13.27894856106957
2024,DENİZLİ,25866,24816,1050,-17.263452690538106
2008,DÜZCE,10723,8913,1810,
2009,DÜZCE,11752,9046,2706,1.4922024009873303
2010,DÜZCE,11820,10893,927,20.417864249392004
2011,DÜZCE,11253,10679,574,-1.9645643991554218
2012,DÜZCE,10432,10579,-147,-0.9364172675344173
2013,DÜZCE,12367,11306,1061,6.872105113904903
2014,DÜZCE,11980,12249,-269,8.340704050946401
2015,DÜZCE,13434,12088,1346,-1.3143930116744196
2016,DÜZCE,15958,11119,4839,-8.016214427531432
2017,DÜZCE,15023,11387,3636,2.41028869502653
2018,DÜZCE,17445,12790,4655,12.321067884429615
2019,DÜZCE,15454,14798,656,15.699765441751378
2020,DÜZCE,11757,10565,1192,-28.605216921205567
2021,DÜZCE,16828,14191,2637,34.3208707998107
2022,DÜZCE,17049,15220,1829,7.251074624762177
2023,DÜZCE,19891,16124,3767,5.9395532194481016
2024,DÜZCE,15051,13450,1601,-16.58397419995038
2008,DİYARBAKIR,31677,47777,-16100,
2009,DİYARBAKIR,32384,43918,-11534,-8.07710823199448
2010,DİYARBAKIR,34810,44858,-10048,2.1403524750671643
2011,DİYARBAKIR,36622,46834,-10212,4.405011369209499
2012,DİYARBAKIR,30789,47575,-16786,1.5821838835034407
2013,DİYARBAKIR,35466,47949,-12483,0.7861271676300685
2014,DİYARBAKIR,36920,48019,-11099,0.1459884460572658
2015,DİYARBAKIR,36124,56025,-19901,16.672567108852743
2016,DİYARBAKIR,39177,55604,-16427,-0.751450245426144
2017,DİYARBAKIR,40493,48983,-8490,-11.907416732609166
2018,DİYARBAKIR,43836,50822,-6986,3.754363758855117
2019,DİYARBAKIR,42329,49730,-7401,-2.148675770335684
2020,DİYARBAKIR,39101,42992,-3891,-13.549165493665793
2021,DİYARBAKIR,40414,60761,-20347,41.33094529214738
2022,DİYARBAKIR,45963,59751,-13788,-1.6622504567074259
2023,DİYARBAKIR,49440,63878,-14438,6.906997372428902
2024,DİYARBAKIR,43561,50981,-7420,-20.1900497823977
2008,EDİRNE,11202,14249,-3047,
2009,EDİRNE,15183,12910,2273,-9.397150677240507
2010,EDİRNE,14019,14830,-811,14.872192099147941
2011,EDİRNE,14494,14588,-94,-1.6318273769386327
2012,EDİRNE,14813,13675,1138,-6.2585686865917145
2013,EDİRNE,16255,17000,-745,24.314442413162695
2014,EDİRNE,16431,17108,-677,0.6352941176470672
2015,EDİRNE,18779,17458,1321,2.0458265139116305
2016,EDİRNE,16623,17190,-567,-1.535112842249975
2017,EDİRNE,19125,15999,3126,-6.928446771378704
2018,EDİRNE,18792,17162,1630,7.26920432527034
2019,EDİRNE,16864,16761,103,-2.3365575107796244
2020,EDİRNE,12252,14264,-2012,-14.897679136089737
2021,EDİRNE,19443,15822,3621,10.92260235558049
2022,EDİRNE,19699,16197,3502,2.3701175578308753
2023,EDİRNE,22281,17181,5100,6.075199110946472
2024,EDİRNE,17332,16323,1009,-4.993888597869745
2008,ELAZIĞ,15294,18813,-3519,
2009,ELAZIĞ,15900,18001,-2101,-4.316164354435759
2010,ELAZIĞ,15551,19438,-3887,7.9828898394533665
2011,ELAZIĞ,16862,20054,-3192,3.169050313818289
2012,ELAZIĞ,17108,18344,-1236,-8.526977161663506
2013,ELAZIĞ,21433,21303,130,16.130614914958574
2014,ELAZIĞ,19724,24162,-4438,13.42064497958033
2015,ELAZIĞ,22170,21699,471,-10.193692575117952
2016,ELAZIĞ,18990,20519,-1529,-5.438038619291207
2017,ELAZIĞ,20406,22054,-1648,7.480871387494514
2018,ELAZIĞ,30152,24358,5794,10.447084429128495
2019,ELAZIĞ,20343,29248,-8905,20.07553986369981
2020,ELAZIĞ,15529,21166,-5637,-27.632658643326035
2021,ELAZIĞ,20800,22429,-1629,5.96711707455353
2022,ELAZIĞ,21060,22271,-1211,-0.7044451379909944
2023,ELAZIĞ,35924,24456,11468,9.810964931974308
2024,ELAZIĞ,20035,23315,-3280,-4.665521753352964
2008,ERZURUM,18999,43585,-24586,
2009,ERZURUM,24830,33681,-8851,-22.723414018584375
2010,ERZURUM,23294,35711,-12417,6.0271369614916415
2011,ERZURUM,27719,33599,-5880,-5.914144101257312
2012,ERZURUM,22551,33234,-10683,-1.086341855412365
2013,ERZURUM,23398,39997,-16599,20.34964193296023
2014,ERZURUM,27994,45209,-17215,13.030977323299254
2015,ERZURUM,29624,41803,-12179,-7.533898117631443
2016,ERZURUM,26957,36340,-9383,-13.06844006411023
2017,ERZURUM,26624,37358,-10734,2.801320858558065
2018,ERZURUM,32501,35431,-2930,-5.158199047058199
2019,ERZURUM,26819,40401,-13582,14.027264260111206
2020,ERZURUM,20405,30220,-9815,-25.1998712903146
2021,ERZURUM,28554,36798,-8244,21.767041694242216
2022,ERZURUM,26629,39159,-12530,6.416109571172357
2023,ERZURUM,34129,38115,-3986,-2.666053780740063
2024,ERZURUM,22614,34522,-11908,-9.42673488128034
2008,ERZİNCAN,10977,11976,-999,
2009,ERZİNCAN,11966,11189,777,-6.571476285905142
2010,ERZİNCAN,14198,12365,1833,10.51032263830547
2011,ERZİNCAN,11523,14218,-2695,14.985847149211473
2012,ERZİNCAN,12192,10649,1543,-25.10198340132227
2013,ERZİNCAN,12662,12884,-222,20.987886186496386
2014,ERZİNCAN,15450,13641,1809,5.875504501707551
2015,ERZİNCAN,14062,16766,-2704,22.908877648266255
2016,ERZİNCAN,12666,12748,-82,-23.96516760109746
2017,ERZİNCAN,15162,14210,952,11.46846564166928
2018,ERZİNCAN,19727,17511,2216,23.23011963406052
2019,ERZİNCAN,14496,17555,-3059,0.2512706298897882
2020,ERZİNCAN,10907,10998,-91,-37.35118199943036
2021,ERZİNCAN,16049,13564,2485,23.33151482087652
2022,ERZİNCAN,15946,15542,404,14.582718961958129
2023,ERZİNCAN,19786,19054,732,22.59683438424913
2024,ERZİNCAN,12737,15638,-2901,-17.92799412196914
2008,ESKİŞEHİR,31731,21970,9761,
2009,ESKİŞEHİR,32346,23225,9121,5.712335002275837
2010,ESKİŞEHİR,31662,26780,4882,15.306781485468246
2011,ESKİŞEHİR,35045,27908,7137,4.212098581030621
2012,ESKİŞEHİR,32363,25299,7064,-9.34857388562419
2013,ESKİŞEHİR,33893,28329,5564,11.976757974623498
2014,ESKİŞEHİR,35927,27977,7950,-1.2425429771612095
2015,ESKİŞEHİR,36041,28298,7743,1.14737105479501
2016,ESKİŞEHİR,36687,25785,10902,-8.880486253445474
2017,ESKİŞEHİR,38060,27799,10261,7.8107426798526225
2018,ESKİŞEHİR,35995,32946,3049,18.51505449836326
2019,ESKİŞEHİR,36757,29543,7214,-10.329023250166935
2020,ESKİŞEHİR,25376,25533,-157,-13.57343533155062
2021,ESKİŞEHİR,36776,31532,5244,23.495084792229658
2022,ESKİŞEHİR,37278,29766,7512,-5.600659647342388
2023,ESKİŞEHİR,45072,34020,11052,14.29147349324733
2024,ESKİŞEHİR,35984,29165,6819,-14.271017048794832
2008,GAZİANTEP,37184,36229,955,
2009,GAZİANTEP,36075,34125,1950,-5.807502277181264
2010,GAZİANTEP,40380,36327,4053,6.4527472527472485
2011,GAZİANTEP,45991,38634,7357,6.350648278140225
2012,GAZİANTEP,41672,39410,2262,2.008593466894437
2013,GAZİANTEP,41978,42291,-313,7.310327328089317
2014,GAZİANTEP,46438,44415,2023,5.022345179825494
2015,GAZİANTEP,46435,48858,-2423,10.003377237419798
2016,GAZİANTEP,45726,50003,-4277,2.3435261369683547
2017,GAZİANTEP,47431,50485,-3054,0.9639421634701995
2018,GAZİANTEP,44704,62206,-17502,23.21679706843618
2019,GAZİANTEP,52268,53517,-1249,-13.968105970485167
2020,GAZİANTEP,42040,41179,861,-23.05435655959789
2021,GAZİANTEP,50203,57475,-7272,39.573569052186784
2022,GAZİANTEP,50192,55699,-5507,-3.0900391474554145
2023,GAZİANTEP,65524,73835,-8311,32.560728199788144
2024,GAZİANTEP,56097,49330,6767,-33.188867068463466
2008,GÜMÜŞHANE,9281,9073,208,
2009,GÜMÜŞHANE,8681,10444,-1763,15.110768213380354
2010,GÜMÜŞHANE,8848,10128,-1280,-3.025660666411334
2011,GÜMÜŞHANE,10426,8988,1438,-11.255924170616115
2012,GÜMÜŞHANE,11166,9001,2165,0.14463729417000248
2013,GÜMÜŞHANE,16677,11162,5515,24.00844350627709
2014,GÜMÜŞHANE,18811,16071,2740,43.97957355312667
2015,GÜMÜŞHANE,20437,17737,2700,10.366498662186551
2016,GÜMÜŞHANE,26681,18343,8338,3.416586795963239
2017,GÜMÜŞHANE,18795,27348,-8553,49.092296788965825
2018,GÜMÜŞHANE,30333,22764,7569,-16.761737604212378
2019,GÜMÜŞHANE,16158,25477,-9319,11.917940607977506
2020,GÜMÜŞHANE,7151,19116,-11965,-24.967617851395374
2021,GÜMÜŞHANE,14114,11611,2503,-39.26030550324335
2022,GÜMÜŞHANE,11496,15580,-4084,34.18310223064336
2023,GÜMÜŞHANE,24177,13873,10304,-10.956354300385108
2024,GÜMÜŞHANE,12288,18526,-6238,33.539969725365815
2008,GİRESUN,20089,18539,1550,
2009,GİRESUN,16970,19567,-2597,5.545067155725758
2010,GİRESUN,17474,20514,-3040,4.839781264373699
2011,GİRESUN,17058,19346,-2288,-5.693672613824708
2012,GİRESUN,18027,17861,166,-7.676005375788275
2013,GİRESUN,23453,20170,3283,12.927607636750471
2014,GİRESUN,26857,23620,3237,17.104610808130882
2015,GİRESUN,22308,26942,-4634,14.064352243861133
2016,GİRESUN,35376,20284,15092,-24.712345037487935
2017,GİRESUN,25529,34675,-9146,70.94754486294616
2018,GİRESUN,40358,25953,14405,-25.15356885364095
2019,GİRESUN,22595,30580,-7985,17.828382075289937
2020,GİRESUN,17654,17368,286,-43.20470896010464
2021,GİRESUN,21392,19575,1817,12.70727775218794
2022,GİRESUN,20947,20130,817,2.8352490421456045
2023,GİRESUN,35227,22520,12707,11.872826626924994
2024,GİRESUN,17348,22932,-5584,1.8294849023090531
2008,HAKKARİ,7801,6981,820,
2009,HAKKARİ,4314,7949,-3635,13.86620827961611
2010,HAKKARİ,6013,9225,-3212,16.052333626871306
2011,HAKKARİ,8775,9133,-358,-0.9972899728997286
2012,HAKKARİ,5622,10137,-4515,10.993101938026939
2013,HAKKARİ,8007,10293,-2286,1.5389168393015629
2014,HAKKARİ,7187,10897,-3710,5.868065675701928
2015,HAKKARİ,8216,12983,-4767,19.142883362393313
2016,HAKKARİ,5945,16067,-10122,23.754140029269056
2017,HAKKARİ,9997,10380,-383,-35.39553121304537
2018,HAKKARİ,12756,10156,2600,-2.157996146435448
2019,HAKKARİ,6898,12719,-5821,25.236313509255616
2020,HAKKARİ,7227,8421,-1194,-33.79196477710512
2021,HAKKARİ,7886,13088,-5202,55.42097138107114
2022,HAKKARİ,9783,13928,-4145,6.4180929095354555
2023,HAKKARİ,14956,12732,2224,-8.587018954623781
2024,HAKKARİ,8478,14112,-5634,10.838831291234685
2008,HATAY,29459,32624,-3165,
2009,HATAY,28547,32296,-3749,-1.0053948013732272
2010,HATAY,29752,33730,-3978,4.440178350260093
2011,HATAY,29509,37164,-7655,10.180847909872526
2012,HATAY,27260,35139,-7879,-5.448821440103324
2013,HATAY,29067,39315,-10248,11.884231196106887
2014,HATAY,32678,39181,-6503,-0.34083683072618776
2015,HATAY,32868,41519,-8651,5.967177968913506
2016,HATAY,34195,37627,-3432,-9.374021532310506
2017,HATAY,33745,40623,-6878,7.962367448906371
2018,HATAY,36499,42655,-6156,5.002092410703307
2019,HATAY,35244,42067,-6823,-1.3785019341226112
2020,HATAY,35160,29265,5895,-30.432405448451284
2021,HATAY,35929,49001,-13072,67.43892021185715
2022,HATAY,39530,47597,-8067,-2.8652476480071853
2023,HATAY,37068,164247,-127179,245.0784713322268
2024,HATAY,52193,49835,2358,-69.65850213398113
2008,ISPARTA,17997,16800,1197,
2009,ISPARTA,18633,15822,2811,-5.821428571428566
2010,ISPARTA,15017,18255,-3238,15.377322715206665
2011,ISPARTA,15325,18269,-2944,0.07669131744727498
2012,ISPARTA,19731,14330,5401,-21.561114456182608
2013,ISPARTA,18730,19807,-1077,38.2205163991626
2014,ISPARTA,17966,19930,-1964,0.6209925783813741
2015,ISPARTA,19042,18659,383,-6.377320622177618
2016,ISPARTA,19899,17240,2659,-7.604909159118922
2017,ISPARTA,18222,18818,-596,9.153132250580054
2018,ISPARTA,28789,19584,9205,4.070570730151979
2019,ISPARTA,19555,20052,-497,2.389705882352944
2020,ISPARTA,12879,17905,-5026,-10.707161380410934
2021,ISPARTA,22632,19998,2634,11.689472214465235
2022,ISPARTA,20948,20653,295,3.2753275327532805
2023,ISPARTA,25149,21847,3302,5.781242434513145
2024,ISPARTA,18046,19526,-1480,-10.623884286172014
2008,IĞDIR,5559,9356,-3797,
2009,IĞDIR,5179,7986,-2807,-14.643009833262077
2010,IĞDIR,6667,8353,-1686,4.5955421988479905
2011,IĞDIR,6915,8579,-1664,2.705614749191909
2012,IĞDIR,6429,8632,-2203,0.617787620934851
2013,IĞDIR,6882,9779,-2897,13.287766450417049
2014,IĞDIR,7407,9453,-2046,-3.333674199815928
2015,IĞDIR,7321,10589,-3268,12.017348989738696
2016,IĞDIR,6721,9368,-2647,-11.530833884219472
2017,IĞDIR,7775,9728,-1953,3.8428693424423566
2018,IĞDIR,9225,10122,-897,4.0501644736842035
2019,IĞDIR,8650,9777,-1127,-3.4084173088322456
2020,IĞDIR,7452,7266,186,-25.682724762196997
2021,IĞDIR,7563,10173,-2610,40.008257638315435
2022,IĞDIR,9827,11673,-1846,14.74491300501326
2023,IĞDIR,12781,10830,1951,-7.2217938833204816
2024,IĞDIR,8000,11778,-3778,8.753462603878127
2008,KAHRAMANMARAŞ,26142,25574,568,
2009,KAHRAMANMARAŞ,18521,26934,-8413,5.317900993196223
2010,KAHRAMANMARAŞ,21182,28592,-7410,6.155788223063796
2011,KAHRAMANMARAŞ,21716,31005,-9289,8.43942361499721
2012,KAHRAMANMARAŞ,19908,29467,-9559,-4.960490243509108
2013,KAHRAMANMARAŞ,24560,29322,-4762,-0.49207588149455805
2014,KAHRAMANMARAŞ,27619,30903,-3284,5.391855944342128
2015,KAHRAMANMARAŞ,26856,32272,-5416,4.42999061579783
2016,KAHRAMANMARAŞ,27307,28971,-1664,-10.228681209717404
2017,KAHRAMANMARAŞ,26874,30314,-3440,4.635670152911531
2018,KAHRAMANMARAŞ,33619,33661,-42,11.041103120670325
2019,KAHRAMANMARAŞ,27676,36700,-9024,9.028252280086747
2020,KAHRAMANMARAŞ,25056,23696,1360,-35.43324250681199
2021,KAHRAMANMARAŞ,27246,35647,-8401,50.434672518568526
2022,KAHRAMANMARAŞ,29319,34501,-5182,-3.2148567901927216
2023,KAHRAMANMARAŞ,31582,82119,-50537,138.01918784962757
2024,KAHRAMANMARAŞ,37523,30393,7130,-62.98907682753077
2008,KARABÜK,8383,8489,-106,
2009,KARABÜK,8511,9242,-731,8.870302744728464
2010,KARABÜK,9036,8906,130,-3.6355767149967577
2011,KARABÜK,8239,9066,-827,1.7965416573096693
2012,KARABÜK,13510,8444,5066,-6.860798588131479
2013,KARABÜK,13652,11676,1976,38.275698720985304
2014,KARABÜK,13438,13195,243,13.009592326139096
2015,KARABÜK,17017,12567,4450,-4.759378552481996
2016,KARABÜK,16719,13416,3303,6.755788971114818
2017,KARABÜK,14740,14399,341,7.327072152653558
2018,KARABÜK,18384,17433,951,21.070907701923748
2019,KARABÜK,14571,16485,-1914,-5.437962484942349
2020,KARABÜK,8148,12750,-4602,-22.65696087352138
2021,KARABÜK,16168,11598,4570,-9.035294117647064
2022,KARABÜK,13801,12987,814,11.976202793585111
2023,KARABÜK,17977,14615,3362,12.535612535612529
2024,KARABÜK,10481,14090,-3609,-3.5921997947314432
2008,KARAMAN,8904,8145,759,
2009,KARAMAN,7853,8424,-571,3.4254143646408775
2010,KARAMAN,7478,8927,-1449,5.971035137701808
2011,KARAMAN,7593,9365,-1772,4.906463537582617
2012,KARAMAN,8191,8066,125,-13.870795515216228
2013,KARAMAN,8747,9445,-698,17.096454252417548
2014,KARAMAN,8673,9788,-1115,3.631551085230278
2015,KARAMAN,9195,9865,-670,0.7866775643645241
2016,KARAMAN,9519,9813,-294,-0.5271160669031882
2017,KARAMAN,8581,10340,-1759,5.370426984612253
2018,KARAMAN,12777,10448,2329,1.0444874274661453
2019,KARAMAN,10318,11075,-757,6.001148545176105
2020,KARAMAN,8074,8304,-230,-25.02031602708804
2021,KARAMAN,12420,10885,1535,31.081406551059732
2022,KARAMAN,11387,10969,418,0.7717041800643143
2023,KARAMAN,15156,11829,3327,7.840277144680474
2024,KARAMAN,10319,11846,-1527,0.14371459971256328
2008,KARS,8855,17726,-8871,
2009,KARS,9028,15660,-6632,-11.655195757644144
2010,KARS,9906,16657,-6751,6.366538952745859
2011,KARS,10654,16376,-5722,-1.6869784474995542
2012,KARS,9706,16185,-6479,-1.1663409868099661
2013,KARS,11046,18072,-7026,11.658943466172378
2014,KARS,10280,20020,-9740,10.779105799026123
2015,KARS,11328,19809,-8481,-1.0539460539460532
2016,KARS,10209,16590,-6381,-16.250189307890352
2017,KARS,11588,17119,-5531,3.1886678722121697
2018,KARS,14441,16620,-2179,-2.9148898884280627
2019,KARS,11132,16421,-5289,-1.1973525872442825
2020,KARS,8168,12910,-4742,-21.38115827294318
2021,KARS,11259,16471,-5212,27.58326878388846
2022,KARS,11568,18787,-7219,14.061077044502458
2023,KARS,15376,16382,-1006,-12.80140522701868
2024,KARS,9588,16560,-6972,1.0865584177756071
2008,KASTAMONU,14775,14003,772,
2009,KASTAMONU,13047,14570,-1523,4.049132328786698
2010,KASTAMONU,13811,15422,-1611,5.8476321207961535
2011,KASTAMONU,15023,15482,-459,0.38905459732849756
2012,KASTAMONU,14340,13933,407,-10.005167291047668
2013,KASTAMONU,19911,15658,4253,12.380678963611569
2014,KASTAMONU,17539,18163,-624,15.998211776727555
2015,KASTAMONU,21601,18092,3509,-0.3909045862467653
2016,KASTAMONU,20577,18898,1679,4.455007738226846
2017,KASTAMONU,18729,20052,-1323,6.106466292729396
2018,KASTAMONU,27175,18397,8778,-8.253540793935766
2019,KASTAMONU,17737,22515,-4778,22.384084361580705
2020,KASTAMONU,14177,15328,-1151,-31.920941594492557
2021,KASTAMONU,18463,17241,1222,12.480427974947816
2022,KASTAMONU,19960,16321,3639,-5.3361173945826845
2023,KASTAMONU,30284,17608,12676,7.885546228785012
2024,KASTAMONU,15894,20854,-4960,18.434802362562476
2008,KAYSERİ,30021,28621,1400,
2009,KAYSERİ,31075,28831,2244,0.7337269836833027
2010,KAYSERİ,37842,30380,7462,5.372689119350693
2011,KAYSERİ,34387,31787,2600,4.631336405529951
2012,KAYSERİ,33917,30143,3774,-5.171925629974517
2013,KAYSERİ,36580,33789,2791,12.09567727167169
2014,KAYSERİ,40957,33374,7583,-1.2282103643197484
2015,KAYSERİ,37832,36087,1745,8.129082519326424
2016,KAYSERİ,35573,35540,33,-1.515781306287578
2017,KAYSERİ,38958,36863,2095,3.722566122678672
2018,KAYSERİ,38690,48047,-9357,30.339364674605985
2019,KAYSERİ,40579,39013,1566,-18.802422627843573
2020,KAYSERİ,31766,30033,1733,-23.01796836951785
2021,KAYSERİ,40628,39915,713,32.90380581360503
2022,KAYSERİ,38374,38902,-528,-2.5378930226731766
2023,KAYSERİ,47180,46791,389,20.27916302503727
2024,KAYSERİ,37960,36622,1338,-21.7328118655297
2008,KIRIKKALE,11360,16605,-5245,
2009,KIRIKKALE,15861,15565,296,-6.263173742848538
2010,KIRIKKALE,12488,19229,-6741,23.539993575329255
2011,KIRIKKALE,12190,17482,-5292,-9.085235841697436
2012,KIRIKKALE,13776,13912,-136,-20.42100446173206
2013,KIRIKKALE,15089,17818,-2729,28.0764807360552
2014,KIRIKKALE,13306,18744,-5438,5.196991806038831
2015,KIRIKKALE,12585,15204,-2619,-18.886043533930863
2016,KIRIKKALE,14776,13300,1476,-12.52302025782689
2017,KIRIKKALE,13434,14112,-678,6.105263157894747
2018,KIRIKKALE,20575,15076,5499,6.831065759637189
2019,KIRIKKALE,12937,18854,-5917,25.05969753250199
2020,KIRIKKALE,8597,13021,-4424,-30.937732046250133
2021,KIRIKKALE,13449,16187,-2738,24.314568773519696
2022,KIRIKKALE,14645,14703,-58,-9.167850744424532
2023,KIRIKKALE,23664,13403,10261,-8.84173297966402
2024,KIRIKKALE,13584,16881,-3297,25.94941431022906
2008,KIRKLARELİ,10565,11027,-462,
2009,KIRKLARELİ,10359,11242,-883,1.949759680783525
2010,KIRKLARELİ,12844,12088,756,7.525351360967791
2011,KIRKLARELİ,11979,11829,150,-2.1426207809397746
2012,KIRKLARELİ,12548,11232,1316,-5.0469185899061575
2013,KIRKLARELİ,14120,13297,823,18.384971509971514
2014,KIRKLARELİ,14553,13678,875,2.865307964202457
2015,KIRKLARELİ,16098,13816,2282,1.0089194326655893
2016,KIRKLARELİ,16882,13175,3707,-4.639548349739431
2017,KIRKLARELİ,16074,14023,2051,6.436432637571166
2018,KIRKLARELİ,16936,14745,2191,5.148684304357132
2019,KIRKLARELİ,15352,14468,884,-1.8786029162427886
2020,KIRKLARELİ,13852,11596,2256,-19.850705004147084
2021,KIRKLARELİ,17846,13855,3991,19.48085546740255
2022,KIRKLARELİ,18230,13843,4387,-0.0866113316492223
2023,KIRKLARELİ,22171,14336,7835,3.561366755761042
2024,KIRKLARELİ,15265,14128,1137,-1.4508928571428603
2008,KIRŞEHİR,9822,12312,-2490,
2009,KIRŞEHİR,10947,12186,-1239,-1.0233918128654929
2010,KIRŞEHİR,9875,12626,-2751,3.6107008042015387
2011,KIRŞEHİR,9598,11870,-2272,-5.987644543006498
2012,KIRŞEHİR,9733,9898,-165,-16.613310867733787
2013,KIRŞEHİR,11259,11346,-87,14.629218023843205
2014,KIRŞEHİR,10648,12199,-1551,7.518068041600556
2015,KIRŞEHİR,11928,11544,384,-5.369292564964345
2016,KIRŞEHİR,12188,11362,826,-1.5765765765765716
2017,KIRŞEHİR,10840,11329,-489,-0.2904418236226003
2018,KIRŞEHİR,15835,12144,3691,7.193927089769625
2019,KIRŞEHİR,10853,13028,-2175,7.279314888010546
2020,KIRŞEHİR,9960,10835,-875,-16.83297513048818
2021,KIRŞEHİR,11676,13193,-1517,21.762805722196575
2022,KIRŞEHİR,13231,11934,1297,-9.542939437580532
2023,KIRŞEHİR,16475,12735,3740,6.711915535444946
2024,KIRŞEHİR,11390,12511,-1121,-1.758932076953279
2008,KOCAELİ,63965,40947,23018,
2009,KOCAELİ,60432,48399,12033,18.19913546779983
2010,KOCAELİ,64503,49379,15124,2.024835223868271
2011,KOCAELİ,63314,50070,13244,1.3993803033678365
2012,KOCAELİ,62966,51561,11405,2.977831036548828
2013,KOCAELİ,71159,54742,16417,6.169391594422136
2014,KOCAELİ,79697,55060,24637,0.5809067991670025
2015,KOCAELİ,87158,56927,30231,3.3908463494369823
2016,KOCAELİ,85602,60479,25123,6.2395699755827705
2017,KOCAELİ,87796,60258,27538,-0.3654160948428409
2018,KOCAELİ,80457,79970,487,32.71266885724717
2019,KOCAELİ,82977,65675,17302,-17.875453294985622
2020,KOCAELİ,75093,52543,22550,-19.99543205177008
2021,KOCAELİ,83959,66332,17627,26.243267419066285
2022,KOCAELİ,89685,62534,27151,-5.72574323101972
2023,KOCAELİ,92564,81219,11345,29.87974541849234
2024,KOCAELİ,80804,63593,17211,-21.701818539996797
2008,KONYA,45502,56760,-11258,
2009,KONYA,46042,51006,-4964,-10.13742071881607
2010,KONYA,47901,56729,-8828,11.22024859820414
2011,KONYA,52134,54533,-2399,-3.87103597807118
2012,KONYA,51981,48313,3668,-11.405937689105683
2013,KONYA,51080,55006,-3926,13.853414194937175
2014,KONYA,55798,55453,345,0.8126386212413239
2015,KONYA,56817,57056,-239,2.8907362992083296
2016,KONYA,56500,54712,1788,-4.1082445316881655
2017,KONYA,53007,56594,-3587,3.4398303845591505
2018,KONYA,58300,60571,-2271,7.027246704597667
2019,KONYA,54219,58557,-4338,-3.3250235261098493
2020,KONYA,43788,48780,-4992,-16.69655207746299
2021,KONYA,64254,58865,5389,20.67445674456745
2022,KONYA,57578,57765,-187,-1.868682578781955
2023,KONYA,75214,61210,14004,5.963818921492248
2024,KONYA,53971,56234,-2263,-8.129390622447307
2008,KÜTAHYA,14112,21711,-7599,
2009,KÜTAHYA,15291,18210,-2919,-16.12546635346138
2010,KÜTAHYA,15311,19923,-4612,9.40691927512356
2011,KÜTAHYA,17547,20655,-3108,3.674145460021072
2012,KÜTAHYA,20550,16702,3848,-19.13822319051077
2013,KÜTAHYA,17875,20915,-3040,25.224524009100712
2014,KÜTAHYA,18734,21860,-3126,4.51828830982548
2015,KÜTAHYA,19447,22337,-2890,2.182067703568169
2016,KÜTAHYA,18382,20691,-2309,-7.368939427855126
2017,KÜTAHYA,17172,20393,-3221,-1.440239717751679
2018,KÜTAHYA,22582,20392,2190,-0.0049036434070504065
2019,KÜTAHYA,21212,21456,-244,5.217732444095713
2020,KÜTAHYA,15347,18688,-3341,-12.900820283370617
2021,KÜTAHYA,21913,21052,861,12.649828767123283
2022,KÜTAHYA,20014,21209,-1195,0.745772373171194
2023,KÜTAHYA,24281,28405,-4124,33.92899240888303
2024,KÜTAHYA,18364,20502,-2138,-27.822566449568743
2008,KİLİS,4998,4611,387,
2009,KİLİS,4662,5677,-1015,23.11862936456299
2010,KİLİS,4813,5572,-759,-1.8495684340320562
2011,KİLİS,4692,6420,-1728,15.218951902368993
2012,KİLİS,4315,6075,-1760,-5.373831775700932
2013,KİLİS,6566,6161,405,1.4156378600822972
2014,KİLİS,5759,7451,-1692,20.938159389709465
2015,KİLİS,6776,6593,183,-11.515232854650382
2016,KİLİS,5740,8043,-2303,21.99302290307903
2017,KİLİS,6675,6526,149,-18.86112147208753
2018,KİLİS,8861,6929,1932,6.175298804780871
2019,KİLİS,6515,8843,-2328,27.623033626785976
2020,KİLİS,5035,6432,-1397,-27.264502996720573
2021,KİLİS,7474,7262,212,12.9042288557214
2022,KİLİS,8008,7629,379,5.053704213715227
2023,KİLİS,12750,7604,5146,-0.3276969458644641
2024,KİLİS,7503,8041,-538,5.74697527617043
2008,MALATYA,25500,27830,-2330,
2009,MALATYA,25806,28208,-2402,1.3582464965864238
2010,MALATYA,25320,30931,-5611,9.653289846851965
2011,MALATYA,32925,29515,3410,-4.577931525007273
2012,MALATYA,24270,28545,-4275,-3.2864645095714073
2013,MALATYA,25876,33194,-7318,16.286565072692238
2014,MALATYA,29285,31476,-2191,-5.17563415075013
2015,MALATYA,26925,31368,-4443,-0.3431185665268788
2016,MALATYA,27777,27613,164,-11.970798265748538
2017,MALATYA,27523,28222,-699,2.2054829247093677
2018,MALATYA,36901,35234,1667,24.845864928070306
2019,MALATYA,29880,33272,-3392,-5.568484986092981
2020,MALATYA,24198,23329,869,-29.883986535224814
2021,MALATYA,28521,31737,-3216,36.04097903896437
2022,MALATYA,28684,30104,-1420,-5.1454138702460845
2023,MALATYA,34414,102621,-68207,240.8882540526176
2024,MALATYA,36932,31790,5142,-69.02193508151353
2008,MANİSA,38301,35458,2843,
2009,MANİSA,28781,34262,-5481,-3.3730046815951265
2010,MANİSA,32094,35497,-3403,3.6045764987449713
2011,MANİSA,33312,36021,-2709,1.4761810857255586
2012,MANİSA,32211,34054,-1843,-5.460703478526419
2013,MANİSA,36257,36989,-732,8.618664474070602
2014,MANİSA,35570,38432,-2862,3.90115980426613
2015,MANİSA,39558,36736,2822,-4.412989175686932
2016,MANİSA,39999,35685,4314,-2.8609538327526107
2017,MANİSA,40257,36021,4236,0.9415720891130741
2018,MANİSA,41189,39056,2133,8.42564059853974
2019,MANİSA,40857,37164,3693,-4.84432609586235
2020,MANİSA,37003,29833,7170,-19.726079001183937
2021,MANİSA,43325,40605,2720,36.107666007441416
2022,MANİSA,43466,37527,5939,-7.580347247875874
2023,MANİSA,46467,42259,4208,12.60958776347696
2024,MANİSA,37649,37328,321,-11.668520315199126
2008,MARDİN,27606,41432,-13826,
2009,MARDİN,18296,40308,-22012,-2.71287893415717
2010,MARDİN,25478,30495,-5017,-24.345043167609404
2011,MARDİN,25447,31302,-5855,2.6463354648303072
2012,MARDİN,21676,30299,-8623,-3.2042680978851212
2013,MARDİN,22596,29525,-6929,-2.554539753787255
2014,MARDİN,22207,30796,-8589,4.304826418289576
2015,MARDİN,24255,34592,-10337,12.326276139758408
2016,MARDİN,21439,38823,-17384,12.231151711378363
2017,MARDİN,28303,30782,-2479,-20.71194910233625
2018,MARDİN,30216,31738,-1522,3.1057111298810947
2019,MARDİN,27395,32544,-5149,2.539542504253567
2020,MARDİN,25373,24744,629,-23.96755162241888
2021,MARDİN,28641,35957,-7316,45.316036210798586
2022,MARDİN,28747,36382,-7635,1.1819673498901562
2023,MARDİN,37903,33904,3999,-6.811060414490678
2024,MARDİN,26712,31788,-5076,-6.241151486550256
2008,MERSİN,46776,50110,-3334,
2009,MERSİN,48377,49209,-832,-1.7980443025344295
2010,MERSİN,50430,51739,-1309,5.141335934483537
2011,MERSİN,51328,54630,-3302,5.587661145364242
2012,MERSİN,46721,53523,-6802,-2.0263591433278383
2013,MERSİN,51468,55482,-4014,3.660108738299428
2014,MERSİN,55598,54843,755,-1.1517248837460747
2015,MERSİN,56171,58404,-2233,6.493080247251237
2016,MERSİN,54962,52763,2199,-9.658585028422706
2017,MERSİN,54492,55393,-901,4.984553569736372
2018,MERSİN,55779,61917,-6138,11.777661437365738
2019,MERSİN,55429,54452,977,-12.05646268391557
2020,MERSİN,53325,40242,13083,-26.09637846176449
2021,MERSİN,57213,57930,-717,43.954077829133745
2022,MERSİN,60984,57001,3983,-1.6036595891593342
2023,MERSİN,80493,67409,13084,18.259328783705552
2024,MERSİN,60574,54703,5871,-18.849115103324475
2008,MUĞLA,35907,24959,10948,
2009,MUĞLA,28390,26613,1777,6.626868063624336
2010,MUĞLA,35129,28850,6279,8.405666403637312
2011,MUĞLA,35409,29604,5805,2.61351819757365
2012,MUĞLA,33213,28301,4912,-4.401432238886638
2013,MUĞLA,35246,30687,4559,8.430797498321606
2014,MUĞLA,48219,29671,18548,-3.310848241926545
2015,MUĞLA,42112,37663,4449,26.935391459674427
2016,MUĞLA,39076,31520,7556,-16.310437299206114
2017,MUĞLA,42450,33289,9161,5.612309644670055
2018,MUĞLA,52642,34302,18340,3.043047252846276
2019,MUĞLA,42987,36210,6777,5.562357880007007
2020,MUĞLA,41468,28088,13380,-22.430267881800603
2021,MUĞLA,49545,35133,14412,25.08188550270578
2022,MUĞLA,49179,36702,12477,4.465886773119299
2023,MUĞLA,63562,40554,23008,10.49534085335948
2024,MUĞLA,48895,36378,12517,-10.297381269418548
2008,MUŞ,10058,25896,-15838,
2009,MUŞ,10158,20182,-10024,-22.065183812171764
2010,MUŞ,11782,17841,-6059,-11.599445050044599
2011,MUŞ,12895,18663,-5768,4.607365058012447
2012,MUŞ,9914,20646,-10732,10.625301398488984
2013,MUŞ,11070,20193,-9123,-2.1941296134844523
2014,MUŞ,12077,22688,-10611,12.355766849898476
2015,MUŞ,12752,23855,-11103,5.143688293370952
2016,MUŞ,11309,21683,-10374,-9.10500943198491
2017,MUŞ,13094,22243,-9149,2.5826684499377306
2018,MUŞ,15742,20789,-5047,-6.536888009710918
2019,MUŞ,13396,20063,-6667,-3.49223146856511
2020,MUŞ,11720,16548,-4828,-17.519812590340422
2021,MUŞ,12190,24243,-12053,46.50108774474258
2022,MUŞ,13847,24941,-11094,2.879181619436544
2023,MUŞ,18904,22595,-3691,-9.406198628763885
2024,MUŞ,12009,22879,-10870,1.2569152467360123
2008,NEVŞEHİR,9531,10882,-1351,
2009,NEVŞEHİR,8965,10667,-1702,-1.9757397537217392
2010,NEVŞEHİR,9231,12366,-3135,15.92762726164807
2011,NEVŞEHİR,8995,11374,-2379,-8.021995794921555
2012,NEVŞEHİR,10214,10859,-645,-4.527870582029192
2013,NEVŞEHİR,10322,12147,-1825,11.861129017404926
2014,NEVŞEHİR,10164,13165,-3001,8.38067012431052
2015,NEVŞEHİR,11144,11955,-811,-9.191036840106348
2016,NEVŞEHİR,11703,11091,612,-7.227101631116684
2017,NEVŞEHİR,11006,12076,-1070,8.881074745288963
2018,NEVŞEHİR,13120,12315,805,1.9791321629678782
2019,NEVŞEHİR,12571,11899,672,-3.3779943158749437
2020,NEVŞEHİR,9309,8958,351,-24.716362719556262
2021,NEVŞEHİR,13646,12396,1250,38.37910247823175
2022,NEVŞEHİR,12803,12029,774,-2.960632462084545
2023,NEVŞEHİR,19072,13307,5765,10.62432454900657
2024,NEVŞEHİR,14417,13133,1284,-1.307582475388891
2008,NİĞDE,15150,13991,1159,
2009,NİĞDE,12588,15778,-3190,12.772496604960338
2010,NİĞDE,12602,17666,-5064,11.966028647483839
2011,NİĞDE,11769,17023,-5254,-3.639759990943059
2012,NİĞDE,12359,13514,-1155,-20.613287904599666
2013,NİĞDE,14731,15493,-762,14.644072813378717
2014,NİĞDE,13785,17946,-4161,15.832956819208665
2015,NİĞDE,13878,15959,-2081,-11.072105204502392
2016,NİĞDE,14823,13589,1234,-14.850554546024187
2017,NİĞDE,13948,15667,-1719,15.291780116270504
2018,NİĞDE,22654,15676,6978,0.05744558626412655
2019,NİĞDE,14055,20769,-6714,32.489155396784895
2020,NİĞDE,11349,13588,-2239,-34.57556935817805
2021,NİĞDE,16287,16506,-219,21.474830732999695
2022,NİĞDE,15801,15661,140,-5.119350539197864
2023,NİĞDE,26089,15991,10098,2.1071451376029726
2024,NİĞDE,13271,18496,-5225,15.6650615971484
2008,ORDU,27719,31458,-3739,
2009,ORDU,30335,31296,-961,-0.5149723440778131
2010,ORDU,27896,36241,-8345,15.800741308793453
2011,ORDU,23963,34472,-10509,-4.88121188708921
2012,ORDU,48240,26595,21645,-22.850429333952192
2013,ORDU,30792,46332,-15540,74.21319796954316
2014,ORDU,28555,39937,-11382,-13.802555469222133
2015,ORDU,29835,32600,-2765,-18.371435010140967
2016,ORDU,42995,27229,15766,-16.47546012269938
2017,ORDU,28111,40305,-12194,48.02232913437878
2018,ORDU,54813,30152,24661,-25.190423024438658
2019,ORDU,25386,46640,-21254,54.68293977182277
2020,ORDU,26898,21406,5492,-54.10377358490565
2021,ORDU,27516,28547,-1031,33.359805661963925
2022,ORDU,28878,27184,1694,-4.774582267839
2023,ORDU,43974,29843,14131,9.781489111241903
2024,ORDU,24324,29933,-5609,0.30157825955836604
2008,OSMANİYE,17464,16338,1126,
2009,OSMANİYE,15167,16319,-1152,-0.11629330395397375
2010,OSMANİYE,16868,16928,-60,3.731846314112386
2011,OSMANİYE,15675,18420,-2745,8.813799621928165
2012,OSMANİYE,15343,17340,-1997,-5.863192182410426
2013,OSMANİYE,17338,17605,-267,1.5282583621683887
2014,OSMANİYE,17880,18214,-334,3.459244532803174
2015,OSMANİYE,18567,19303,-736,5.978917316350052
2016,OSMANİYE,19558,17683,1875,-8.392477853183443
2017,OSMANİYE,18842,19008,-166,7.493072442458848
2018,OSMANİYE,19965,20900,-935,9.953703703703699
2019,OSMANİYE,18126,21459,-3333,2.674641148325363
2020,OSMANİYE,17734,14954,2780,-30.31362132438604
2021,OSMANİYE,18648,22445,-3797,50.09362043600374
2022,OSMANİYE,20565,21827,-1262,-2.7533971931387846
2023,OSMANİYE,27059,30896,-3837,41.54945709442435
2024,OSMANİYE,19752,20460,-708,-33.777835318487824
2008,RİZE,13253,13825,-572,
2009,RİZE,12428,14575,-2147,5.4249547920433905
2010,RİZE,13070,14819,-1749,1.674099485420233
2011,RİZE,14558,14560,-2,-1.7477562588568696
2012,RİZE,12315,13856,-1541,-4.83516483516484
2013,RİZE,16842,15859,983,14.455831408775976
2014,RİZE,17311,17932,-621,13.071442083359596
2015,RİZE,15514,18936,-3422,5.598929288422938
2016,RİZE,15006,15604,-598,-17.596113223489652
2017,RİZE,14561,16310,-1749,4.524480902332728
2018,RİZE,31266,16413,14853,0.6315144083384405
2019,RİZE,15946,23534,-7588,43.386340096265165
2020,RİZE,13143,13290,-147,-43.52851194017167
2021,RİZE,15956,15605,351,17.419112114371703
2022,RİZE,14716,16938,-2222,8.54213393143224
2023,RİZE,24347,18372,5975,8.466170740347145
2024,RİZE,13448,17592,-4144,-4.245591116917047
2008,SAKARYA,24321,20887,3434,
2009,SAKARYA,25376,21665,3711,3.724804902570966
2010,SAKARYA,26248,24627,1621,13.671820909300724
2011,SAKARYA,28537,24633,3904,0.024363503471791503
2012,SAKARYA,28457,23787,4670,-3.4344172451589383
2013,SAKARYA,30770,27170,3600,14.22205406314374
2014,SAKARYA,32701,28311,4390,4.1994847258005175
2015,SAKARYA,35943,28492,7451,0.6393274698880402
2016,SAKARYA,35228,28965,6263,1.6601151200337005
2017,SAKARYA,35575,28122,7453,-2.9104091144484756
2018,SAKARYA,37659,32704,4955,16.29329350686295
2019,SAKARYA,35941,31291,4650,-4.3205724070450096
2020,SAKARYA,30929,24888,6041,-20.462752868236876
2021,SAKARYA,40379,31048,9331,24.750883960141422
2022,SAKARYA,41396,31141,10255,0.299536202009798
2023,SAKARYA,47730,33515,14215,7.623390385665196
2024,SAKARYA,37116,30501,6615,-8.992988214232433
2008,SAMSUN,35404,40633,-5229,
2009,SAMSUN,38874,39581,-707,-2.5890286220559666
2010,SAMSUN,35418,44825,-9407,13.2487809807736
2011,SAMSUN,35103,43408,-8305,-3.161182375906302
2012,SAMSUN,32249,41561,-9312,-4.25497604128271
2013,SAMSUN,38644,42504,-3860,2.2689540675152164
2014,SAMSUN,41057,44519,-3462,4.740730284208539
2015,SAMSUN,41718,44627,-2909,0.2425930501583684
2016,SAMSUN,41687,41187,500,-7.708338001658188
2017,SAMSUN,43709,42422,1287,2.998518950154172
2018,SAMSUN,53228,48543,4685,14.428834095516475
2019,SAMSUN,45973,45020,953,-7.257483056259395
2020,SAMSUN,43054,35442,7612,-21.274988893824965
2021,SAMSUN,47471,45791,1680,29.199819423283113
2022,SAMSUN,48681,43757,4924,-4.441920901487196
2023,SAMSUN,65364,50570,14794,15.570080215736915
2024,SAMSUN,46841,43246,3595,-14.482894997033814
2008,SİNOP,10299,9472,827,
2009,SİNOP,9562,9558,4,0.9079391891891886
2010,SİNOP,11027,9967,1060,4.279137894957108
2011,SİNOP,10038,10618,-580,6.5315541286244505
2012,SİNOP,8277,10371,-2094,-2.3262384629873845
2013,SİNOP,12085,9869,2216,-4.840420403046963
2014,SİNOP,10783,11950,-1167,21.086229607863018
2015,SİNOP,10059,11274,-1215,-5.65690376569038
2016,SİNOP,10190,9784,406,-13.216249778250845
2017,SİNOP,11015,10086,929,3.08667211774325
2018,SİNOP,20922,9793,11129,-2.905016855046594
2019,SİNOP,12926,15642,-2716,59.726335137343
2020,SİNOP,10292,11070,-778,-29.22899884925202
2021,SİNOP,13211,10548,2663,-4.7154471544715415
2022,SİNOP,14155,11291,2864,7.043989381873339
2023,SİNOP,20887,11499,9388,1.842175183774697
2024,SİNOP,10903,13075,-2172,13.705539612140182
2008,SİVAS,18871,30428,-11557,
2009,SİVAS,23217,28585,-5368,-6.056921256737214
2010,SİVAS,23467,31362,-7895,9.714885429421027
2011,SİVAS,22884,30131,-7247,-3.925132325744529
2012,SİVAS,21492,27441,-5949,-8.92768245328731
2013,SİVAS,26354,30244,-3890,10.214642323530487
2014,SİVAS,29726,34855,-5129,15.245999206454176
2015,SİVAS,25319,33501,-8182,-3.8846650408836614
2016,SİVAS,22966,26369,-3403,-21.28891674875377
2017,SİVAS,22147,28697,-6550,8.828548674580006
2018,SİVAS,45861,26271,19590,-8.453845349688116
2019,SİVAS,23572,36430,-12858,38.670016367858096
2020,SİVAS,18490,23885,-5395,-34.43590447433434
2021,SİVAS,25720,28285,-2565,18.421603516851583
2022,SİVAS,24583,27668,-3085,-2.181368216369095
2023,SİVAS,48214,31783,16431,14.872777215555866
2024,SİVAS,21808,35421,-13613,11.446370701318308
2008,SİİRT,11870,12625,-755,
2009,SİİRT,8475,11797,-3322,-6.558415841584154
2010,SİİRT,8911,13973,-5062,18.445367466304987
2011,SİİRT,10274,14228,-3954,1.8249481142202928
2012,SİİRT,8823,14628,-5805,2.8113578858588673
2013,SİİRT,10866,13339,-2473,-8.811867651080119
2014,SİİRT,10551,14366,-3815,7.6992278281730275
2015,SİİRT,10505,16166,-5661,12.529583739384664
2016,SİİRT,10775,15068,-4293,-6.792032661140668
2017,SİİRT,12163,15406,-3243,2.243164321741431
2018,SİİRT,15017,15726,-709,2.0771128131896743
2019,SİİRT,11016,17252,-6236,9.703675441943282
2020,SİİRT,9044,12958,-3914,-24.889867841409696
2021,SİİRT,12670,16340,-3670,26.099706744868033
2022,SİİRT,12356,17607,-5251,7.753977968176251
2023,SİİRT,21120,16468,4652,-6.4690180042028755
2024,SİİRT,10193,21815,-11622,32.46903084770465
2008,TEKİRDAĞ,47534,22373,25161,
2009,TEKİRDAĞ,37655,29066,8589,29.9155231752559
2010,TEKİRDAĞ,41307,29433,11874,1.2626436386155682
2011,TEKİRDAĞ,42265,28620,13645,-2.762205687493624
2012,TEKİRDAĞ,42155,28042,14113,-2.019566736547873
2013,TEKİRDAĞ,45313,31681,13632,12.976963126738461
2014,TEKİRDAĞ,52994,31266,21728,-1.3099333985669648
2015,TEKİRDAĞ,54482,33937,20545,8.542826073050591
2016,TEKİRDAĞ,56536,32290,24246,-4.8531101747355425
2017,TEKİRDAĞ,55391,34658,20733,7.333539795602362
2018,TEKİRDAĞ,53895,41010,12885,18.327658837786377
2019,TEKİRDAĞ,48911,38109,10802,-7.073884418434528
2020,TEKİRDAĞ,50764,28468,22296,-25.29848592196069
2021,TEKİRDAĞ,60190,37516,22674,31.783054657861463
2022,TEKİRDAĞ,63354,37969,25385,1.2074848064825616
2023,TEKİRDAĞ,63230,45182,18048,18.997076562458858
2024,TEKİRDAĞ,53439,37996,15443,-15.904563764330925
2008,TOKAT,29593,35892,-6299,
2009,TOKAT,32655,34213,-1558,-4.677922656859468
2010,TOKAT,25430,40995,-15565,19.822874346008824
2011,TOKAT,29576,36342,-6766,-11.350164654226125
2012,TOKAT,34725,31812,2913,-12.464916625392108
2013,TOKAT,26987,47071,-20084,47.966176285678365
2014,TOKAT,35891,38737,-2846,-17.70516878757622
2015,TOKAT,34586,40805,-6219,5.33856519606577
2016,TOKAT,36572,33380,3192,-18.19629947310378
2017,TOKAT,34735,38746,-4011,16.07549430796884
2018,TOKAT,46391,41326,5065,6.658751871160895
2019,TOKAT,39530,39567,-37,-4.256400329090648
2020,TOKAT,24840,41746,-16906,5.507114514620759
2021,TOKAT,35555,31400,4155,-24.783212762899442
2022,TOKAT,28325,35358,-7033,12.60509554140128
2023,TOKAT,45011,34546,10465,-2.296509983596362
2024,TOKAT,38697,32350,6347,-6.356741735656801
2008,TRABZON,25918,27027,-1109,
2009,TRABZON,36868,26474,10394,-2.0461020461020496
2010,TRABZON,29130,36546,-7416,38.04487421621214
2011,TRABZON,24858,38446,-13588,5.198927379193341
2012,TRABZON,21864,25478,-3614,-33.73042709254539
2013,TRABZON,25115,29988,-4873,17.70154643221602
2014,TRABZON,31847,29741,2106,-0.8236627984527178
2015,TRABZON,27314,32454,-5140,9.12208735415756
2016,TRABZON,28680,26775,1905,-17.498613422074317
2017,TRABZON,29703,29192,511,9.027077497665736
2018,TRABZON,46593,33344,13249,14.22307481501781
2019,TRABZON,29603,37502,-7899,12.470009596928989
2020,TRABZON,23761,24506,-745,-34.65415177857181
2021,TRABZON,29914,29442,472,20.14200603933731
2022,TRABZON,28168,30339,-2171,3.0466680252700273
2023,TRABZON,41272,35644,5628,17.48574442137183
2024,TRABZON,26772,29887,-3115,-16.151385927505334
2008,TUNCELİ,6861,6068,793,
2009,TUNCELİ,4100,6205,-2105,2.2577455504284805
2010,TUNCELİ,6400,6258,142,0.8541498791297286
2011,TUNCELİ,6187,6419,-232,2.572706935123037
2012,TUNCELİ,5171,5404,-233,-15.812431842966191
2013,TUNCELİ,8458,5612,2846,3.849000740192454
2014,TUNCELİ,7286,6810,476,21.347113328581614
2015,TUNCELİ,6996,8133,-1137,19.427312775330407
2016,TUNCELİ,4822,7031,-2209,-13.549735644903482
2017,TUNCELİ,6074,6725,-651,-4.3521547432797565
2018,TUNCELİ,11211,5884,5327,-12.505576208178438
2019,TUNCELİ,6517,8179,-1662,39.00407885791979
2020,TUNCELİ,5791,6311,-520,-22.838977870155276
2021,TUNCELİ,7054,6517,537,3.2641419743305367
2022,TUNCELİ,8081,7578,503,16.280497161270514
2023,TUNCELİ,11806,7234,4572,-4.539456320929003
2024,TUNCELİ,6739,8868,-2129,22.587779928117225
2008,UŞAK,8666,10222,-1556,
2009,UŞAK,8693,9644,-951,-5.6544707493641155
2010,UŞAK,8998,9562,-564,-0.8502695976773111
2011,UŞAK,8653,10138,-1485,6.023844384020083
2012,UŞAK,10351,9435,916,-6.934306569343063
2013,UŞAK,10655,10493,162,11.213566507684147
2014,UŞAK,10190,10895,-705,3.8311255122462695
2015,UŞAK,11044,11001,43,0.9729233593391395
2016,UŞAK,11737,10701,1036,-2.727024815925827
2017,UŞAK,13909,10420,3489,-2.6259228109522526
2018,UŞAK,13691,13011,680,24.86564299424183
2019,UŞAK,13117,12363,754,-4.980401198985474
2020,UŞAK,8756,10428,-1672,-15.651540888133953
2021,UŞAK,13705,12231,1474,17.28998849252015
2022,UŞAK,13255,12313,942,0.6704276019949384
2023,UŞAK,14575,13122,1453,6.570291561763986
2024,UŞAK,11053,11886,-833,-9.419295839048925
2008,VAN,21187,30275,-9088,
2009,VAN,22866,27175,-4309,-10.239471511147812
2010,VAN,23231,31312,-8081,15.223551057957675
2011,VAN,23415,72273,-48858,130.81566172713335
2012,VAN,50003,46639,3364,-35.46829383033775
2013,VAN,32118,38507,-6389,-17.436051373314175
2014,VAN,27587,44435,-16848,15.39460357857012
2015,VAN,30492,48061,-17569,8.16023404973556
2016,VAN,28902,49035,-20133,2.0265912070077663
2017,VAN,31971,48269,-16298,-1.5621494850616924
2018,VAN,34691,44954,-10263,-6.867761917586856
2019,VAN,34372,39575,-5203,-11.965564799572892
2020,VAN,26621,38114,-11493,-3.691724573594446
2021,VAN,30318,58185,-27867,52.66043973343129
2022,VAN,33903,62422,-28519,7.28194551860446
2023,VAN,39585,56547,-16962,-9.411745858831821
2024,VAN,31418,54023,-22605,-4.463543600898367
2008,YALOVA,16656,6542,10114,
2009,YALOVA,12269,10233,2036,56.420055029043105
2010,YALOVA,10455,10984,-529,7.339001270399681
2011,YALOVA,10267,9782,485,-10.943190094683175
2012,YALOVA,11353,9199,2154,-5.9599263954201565
2013,YALOVA,14670,9808,4862,6.62028481356669
2014,YALOVA,14680,11064,3616,12.805872756933123
2015,YALOVA,13834,11497,2337,3.9135936370209734
2016,YALOVA,12825,10493,2332,-8.732712881621296
2017,YALOVA,15754,10719,5035,2.1538168302678073
2018,YALOVA,16232,12905,3327,20.393693441552372
2019,YALOVA,14531,12824,1707,-0.6276636962417648
2020,YALOVA,14661,10281,4380,-19.830006238303177
2021,YALOVA,16965,11564,5401,12.479330804396449
2022,YALOVA,18466,12007,6459,3.8308543756485625
2023,YALOVA,22979,12563,10416,4.630632131256762
2024,YALOVA,17812,13049,4763,3.8685027461593524
2008,YOZGAT,15352,30117,-14765,
2009,YOZGAT,17705,25546,-7841,-15.177474516054057
2010,YOZGAT,16181,29618,-13437,15.9398731699679
2011,YOZGAT,15251,26921,-11670,-9.105949085015874
2012,YOZGAT,14646,24525,-9879,-8.900115151740273
2013,YOZGAT,16688,26572,-9884,8.346585117227324
2014,YOZGAT,16200,27722,-11522,4.327863916905006
2015,YOZGAT,14933,26804,-11871,-3.3114493903758757
2016,YOZGAT,17736,21825,-4089,-18.57558573347262
2017,YOZGAT,19074,23498,-4424,7.665521191294378
2018,YOZGAT,25715,22524,3191,-4.145033619882543
2019,YOZGAT,18009,25253,-7244,12.115965192683365
2020,YOZGAT,14109,17604,-3495,-30.289470557953514
2021,YOZGAT,18320,22928,-4608,30.243126562144962
2022,YOZGAT,19580,22042,-2462,-3.864270760642008
2023,YOZGAT,29124,22387,6737,1.565193721077951
2024,YOZGAT,16151,24594,-8443,9.858399964264986
2008,ZONGULDAK,17639,19530,-1891,
2009,ZONGULDAK,16258,20701,-4443,5.9959037378392255
2010,ZONGULDAK,15712,23267,-7555,12.39553644751461
2011,ZONGULDAK,15822,23658,-7836,1.6804916835002404
2012,ZONGULDAK,14279,22687,-8408,-4.104319891791364
2013,ZONGULDAK,17006,25571,-8565,12.71212588707189
2014,ZONGULDAK,18115,24783,-6668,-3.0816158930037973
2015,ZONGULDAK,18244,25340,-7096,2.2475083726748224
2016,ZONGULDAK,19991,21933,-1942,-13.445146014206788
2017,ZONGULDAK,19421,22541,-3120,2.772078603018291
2018,ZONGULDAK,24363,24105,258,6.938467681114413
2019,ZONGULDAK,19654,26251,-6597,8.902717278572903
2020,ZONGULDAK,15243,19593,-4350,-25.36284332025447
2021,ZONGULDAK,20883,21991,-1108,12.239064972183943
2022,ZONGULDAK,20334,21695,-1361,-1.346005183938881
2023,ZONGULDAK,26828,22615,4213,4.240608435123305
2024,ZONGULDAK,18070,21563,-3493,-4.651779792173338
2008,ÇANAKKALE,16390,14246,2144,
2009,ÇANAKKALE,15412,14802,610,3.902849922785334
2010,ÇANAKKALE,16578,15420,1158,4.175111471422777
2011,ÇANAKKALE,17278,15623,1655,1.316472114137479
2012,ÇANAKKALE,23252,14374,8878,-7.9946233117839105
2013,ÇANAKKALE,24766,18238,6528,26.881870043133425
2014,ÇANAKKALE,27429,20540,6889,12.621998026099357
2015,ÇANAKKALE,25096,23005,2091,12.000973709834462
2016,ÇANAKKALE,25116,20024,5092,-12.95805259726146
2017,ÇANAKKALE,26088,20540,5548,2.5769077107471006
2018,ÇANAKKALE,29473,21068,8405,2.570593962999035
2019,ÇANAKKALE,25198,22293,2905,5.814505411049931
2020,ÇANAKKALE,21055,19022,2033,-14.672767236352213
2021,ÇANAKKALE,31210,19429,11781,2.139627799390187
2022,ÇANAKKALE,27747,22233,5514,14.43203458747233
2023,ÇANAKKALE,32719,22615,10104,1.7181666891557645
2024,ÇANAKKALE,24714,21211,3503,-6.208268848109666
2008,ÇANKIRI,12680,11612,1068,
2009,ÇANKIRI,20166,11831,8335,1.8859800206682653
2010,ÇANKIRI,11536,17958,-6422,51.78767644324233
2011,ÇANKIRI,10582,14322,-3740,-20.24724356832609
2012,ÇANKIRI,17050,10609,6441,-25.925150118698504
2013,ÇANKIRI,22290,16991,5299,60.156470920916206
2014,ÇANKIRI,14519,23080,-8561,35.83661938673415
2015,ÇANKIRI,12702,16148,-3446,-30.034662045060657
2016,ÇANKIRI,13371,13088,283,-18.949715135001245
2017,ÇANKIRI,13849,13504,345,3.17848410757946
2018,ÇANKIRI,40460,12433,28027,-7.930983412322279
2019,ÇANKIRI,11381,32275,-20894,159.59140995737152
2020,ÇANKIRI,9955,12614,-2659,-60.91711851278079
2021,ÇANKIRI,15288,12457,2831,-1.2446488029173919
2022,ÇANKIRI,13649,14061,-412,12.876294452918046
2023,ÇANKIRI,25333,13438,11895,-4.430694829670722
2024,ÇANKIRI,13129,18744,-5615,39.48504241702635
2008,ÇORUM,15828,24072,-8244,
2009,ÇORUM,13672,22699,-9027,-5.703722166832836
2010,ÇORUM,14462,22860,-8398,0.7092823472399701
2011,ÇORUM,15174,22441,-7267,-1.8328958880139967
2012,ÇORUM,13289,20610,-7321,-8.159172942382241
2013,ÇORUM,17073,21460,-4387,4.124211547792345
2014,ÇORUM,15875,24652,-8777,14.874184529356938
2015,ÇORUM,16286,22636,-6350,-8.17783546973876
2016,ÇORUM,16688,20420,-3732,-9.789715497437712
2017,ÇORUM,17214,20880,-3666,2.252693437806075
2018,ÇORUM,24363,20212,4151,-3.1992337164750917
2019,ÇORUM,16006,23425,-7419,15.896497130417565
2020,ÇORUM,15672,15051,621,-35.74813233724653
2021,ÇORUM,18029,22011,-3982,46.24277456647399
2022,ÇORUM,18723,20448,-1725,-7.10099495706692
2023,ÇORUM,27902,20273,7629,-0.8558294209702666
2024,ÇORUM,16415,23143,-6728,14.156760222956644
2008,İSTANBUL,374868,348193,26675,
2009,İSTANBUL,388467,348986,39481,0.2277472551142523
2010,İSTANBUL,439515,336932,102583,-3.4540067509871486
2011,İSTANBUL,450445,328663,121782,-2.4542044091982906
2012,İSTANBUL,384535,354074,30461,7.731627837633082
2013,İSTANBUL,437922,371601,66321,4.9500951778441715
2014,İSTANBUL,438998,424662,14336,14.279025083355545
2015,İSTANBUL,453407,402864,50543,-5.133023439818018
2016,İSTANBUL,369582,440889,-71307,9.438669129036104
2017,İSTANBUL,416587,422559,-5972,-4.157509032885831
2018,İSTANBUL,385482,595803,-210321,40.998771769149386
2019,İSTANBUL,498676,378305,120371,-36.50501927650582
2020,İSTANBUL,328632,381654,-53022,0.8852645352295019
2021,İSTANBUL,385328,408165,-22837,6.946344070807586
2022,İSTANBUL,385294,418082,-32788,2.4296546739676295
2023,İSTANBUL,412707,581330,-168623,39.04688553920044
2024,İSTANBUL,395485,369453,26032,-36.4469406361275
2008,İZMİR,117067,89819,27248,
2009,İZMİR,116390,89517,26873,-0.33623175497389246
2010,İZMİR,111255,99775,11480,11.459275891730059
2011,İZMİR,110364,101420,8944,1.6487095965923348
2012,İZMİR,105804,95954,9850,-5.389469532636559
2013,İZMİR,113673,99681,13992,3.8841528232278044
2014,İZMİR,124439,101447,22992,1.7716515685035183
2015,İZMİR,126238,105389,20849,3.8857728666200186
2016,İZMİR,122668,98902,23766,-6.155291349192038
2017,İZMİR,127394,102776,24618,3.9170087561424483
2018,İZMİR,130092,117113,12979,13.949754806569636
2019,İZMİR,128370,106895,21475,-8.724906714028336
2020,İZMİR,107172,92400,14772,-13.560035548903127
2021,İZMİR,131394,109470,21924,18.474025974025963
2022,İZMİR,132426,107312,25114,-1.9713163423769053
2023,İZMİR,147765,125643,22122,17.08196660205754
2024,İZMİR,117889,102040,15849,-18.785766019595208
2008,ŞANLIURFA,25510,37282,-11772,
2009,ŞANLIURFA,27190,35154,-7964,-5.7078482914006745
2010,ŞANLIURFA,32555,37555,-5000,6.8299482277977
2011,ŞANLIURFA,35888,41570,-5682,10.690986553055515
2012,ŞANLIURFA,31890,44878,-12988,7.957661775318736
2013,ŞANLIURFA,33383,47429,-14046,5.684299656847447
2014,ŞANLIURFA,35670,49030,-13360,3.375571907482766
2015,ŞANLIURFA,40135,50580,-10445,3.1613297980828126
2016,ŞANLIURFA,38662,49789,-11127,-1.5638592328983791
2017,ŞANLIURFA,40058,52648,-12590,5.742232219968257
2018,ŞANLIURFA,44448,56748,-12300,7.787570278073241
2019,ŞANLIURFA,41841,60885,-19044,7.290124762106154
2020,ŞANLIURFA,37720,47194,-9474,-22.486655169582004
2021,ŞANLIURFA,40371,66987,-26616,41.939653345764285
2022,ŞANLIURFA,45648,68264,-22616,1.9063400361264193
2023,ŞANLIURFA,63205,63559,-354,-6.8923590765264215
2024,ŞANLIURFA,41771,60925,-19154,-4.144180997183722
2008,ŞIRNAK,13223,15877,-2654,
2009,ŞIRNAK,8356,13025,-4669,-17.96309126409271
2010,ŞIRNAK,11733,13554,-1821,4.0614203454894415
2011,ŞIRNAK,13403,13957,-554,2.973292017116713
2012,ŞIRNAK,11075,14617,-3542,4.728809916171106
2013,ŞIRNAK,13031,13753,-722,-5.910925634535136
2014,ŞIRNAK,12749,16142,-3393,17.370755471533485
2015,ŞIRNAK,11554,23615,-12061,46.295378515673406
2016,ŞIRNAK,11102,24122,-13020,2.146940503916994
2017,ŞIRNAK,19672,15186,4486,-37.04502114252549
2018,ŞIRNAK,19779,15485,4294,1.9689187409456022
2019,ŞIRNAK,16365,20724,-4359,33.832741362608985
2020,ŞIRNAK,14461,15008,-547,-27.58154796371357
2021,ŞIRNAK,17072,20431,-3359,36.134061833688705
2022,ŞIRNAK,20096,23469,-3373,14.869560961284334
2023,ŞIRNAK,22726,21572,1154,-8.083003110486175
2024,ŞIRNAK,15266,23363,-8097,8.302429074726492
