Date,Longitude,Latitude,Depth,Rms,Type,Magnitude,Location,EventID,Year,Month,Year-Month
2020-01-11 13:37:36,28.2086,40.8646,10.82,0.44,Mw,4.7,Istanbul,456426,2020,1,2020-01
2019-09-26 11:26:36,28.2726,40.8416,4.58,0.32,Mw,4.1,Istanbul,447925,2019,9,2019-09
2019-09-26 10:59:25,28.214,40.8818,7.97,0.37,Mw,5.8,Istanbul,447923,2019,9,2019-09
2019-09-24 08:00:22,28.216,40.8836,5.91,0.22,Mw,4.6,Istanbul,447733,2019,9,2019-09
2015-12-15 01:13:39,29.731,42.253,50.45,0.61,Mw,4.0,Istanbul,320221,2015,12,2015-12
2015-11-16 15:45:43,28.7631,40.8181,13.23,0.43,Mw,4.0,Istanbul,316686,2015,11,2015-11
2015-04-29 04:40:53,29.3245,42.1145,23.32,0.44,Mw,4.0,Istanbul,296231,2015,4,2015-04
2021-01-10 19:53:01,33.323,40.0418,13.19,0.32,Mw,4.5,Ankara,493220,2021,1,2021-01
2020-01-23 03:54:11,33.261,40.1158,13.65,0.4,Mw,4.5,Ankara,457233,2020,1,2020-01
2016-08-02 19:30:52,33.3615,40.315,12.23,0.42,Mw,4.2,Ankara,345660,2016,8,2016-08
2022-10-26 10:27:42,28.20133,39.52776,7.01,0.55,ML,4.2,Balikesir,534739,2022,10,2022-10
2022-07-21 15:44:23,27.40228,40.15337,12.32,0.42,Mw,4.6,Balikesir,528999,2022,7,2022-07
2022-06-03 22:58:57,27.9047,39.81043,14.01,0.45,ML,4.7,Balikesir,526778,2022,6,2022-06
2022-06-03 22:13:29,27.92216,39.80744,10.98,0.32,Mw,4.1,Balikesir,526760,2022,6,2022-06
2022-01-22 19:31:42,28.79781,39.55309,7.41,0.61,Mw,4.7,Balikesir,519682,2022,1,2022-01
2021-04-21 21:17:43,28.0991,39.1401,9.14,0.43,Mw,4.0,Balikesir,500717,2021,4,2021-04
2020-12-11 14:37:49,28.1961,39.9901,7.0,0.23,Mw,4.1,Balikesir,490663,2020,12,2020-12
2019-12-10 20:46:18,27.9005,39.4411,14.36,0.27,Mw,4.0,Balikesir,453783,2019,12,2019-12
2019-12-10 20:24:05,27.9103,39.4435,11.28,0.24,Mw,4.3,Balikesir,453780,2019,12,2019-12
2019-12-10 20:14:03,27.9336,39.443,7.0,0.27,Mw,4.6,Balikesir,453779,2019,12,2019-12
2018-01-04 04:53:55,27.9778,39.3356,4.71,0.34,Mw,4.0,Balikesir,400442,2018,1,2018-01
2017-12-31 20:12:02,27.8495,40.5491,13.79,0.27,Mw,4.0,Balikesir,400190,2017,12,2017-12
2017-04-20 14:11:24,28.463,39.3975,10.59,0.42,Mw,4.2,Balikesir,369041,2017,4,2017-04
2017-03-08 20:09:58,27.6536,39.965,15.03,0.28,Mw,4.1,Balikesir,365028,2017,3,2017-03
2015-12-02 15:52:44,28.154,39.1495,10.85,0.4,Mw,4.0,Balikesir,319040,2015,12,2015-12
2015-10-28 16:20:02,27.7446,40.8003,13.04,0.41,Mw,4.4,Balikesir,315392,2015,10,2015-10
2022-11-04 00:29:21,27.20751,38.34233,14.47,0.43,MW,4.9,Balikesir,535216,2022,11,2022-11
2022-10-18 10:29:55,27.23327,37.9299,7.0,0.47,ML,4.0,Izmir,534201,2022,10,2022-10
2022-08-14 03:24:23,27.1651,37.95869,7.0,0.33,Mw,5.0,Izmir,530087,2022,8,2022-08
2022-05-13 22:08:51,26.23711,38.19233,10.62,0.4,Mw,4.4,Izmir,525782,2022,5,2022-05
2022-01-12 22:54:26,26.11127,37.72231,7.3,0.32,Mw,4.3,Izmir,519139,2022,1,2022-01
2021-11-30 10:32:23,25.9581,37.6873,7.02,0.77,Mw,4.2,Izmir,516855,2021,11,2021-11
2021-11-30 04:09:16,26.112,37.7336,7.16,0.51,Mw,4.3,Izmir,516821,2021,11,2021-11
2021-11-30 04:00:42,26.12278,37.71167,7.0,0.55,MW,5.1,Izmir,516819,2021,11,2021-11
2021-07-27 10:02:54,26.112,38.917,16.1,0.4,Mw,4.2,Izmir,507590,2021,7,2021-07
2021-07-22 01:20:22,26.068,38.9485,23.1,0.34,ML,4.2,Izmir,507210,2021,7,2021-07
2021-07-22 00:48:01,26.0683,38.9453,21.95,0.37,ML,4.0,Izmir,507207,2021,7,2021-07
2021-07-10 19:19:16,25.9983,38.9408,12.99,0.36,Mw,4.3,Izmir,506514,2021,7,2021-07
2021-07-10 14:43:21,26.0418,38.9305,7.06,0.47,Mw,4.3,Izmir,506483,2021,7,2021-07
2021-05-19 11:18:13,27.009,38.0826,13.01,0.35,ML,4.2,Izmir,502666,2021,5,2021-05
2021-05-19 11:14:59,27.0295,38.0876,10.16,0.43,ML,4.3,Izmir,502665,2021,5,2021-05
2021-04-26 19:21:03,26.9506,37.8366,7.78,0.44,Mw,4.0,Izmir,501108,2021,4,2021-04
2021-02-16 06:24:10,26.0291,38.953,7.3,0.42,Mw,4.0,Izmir,495875,2021,2,2021-02
2021-02-11 08:45:29,26.7833,38.856,6.97,0.41,ML,4.0,Izmir,495538,2021,2,2021-02
2021-02-09 07:30:34,26.4175,37.7655,5.29,0.22,Mw,4.4,Izmir,495379,2021,2,2021-02
2021-02-06 18:22:48,26.0606,38.933,7.03,0.16,Mw,4.0,Izmir,495084,2021,2,2021-02
2021-02-06 16:09:15,26.0831,38.9455,7.08,0.22,Mw,4.1,Izmir,495077,2021,2,2021-02
2021-02-01 20:46:15,26.072,38.9841,10.23,0.52,Mw,4.8,Izmir,494609,2021,2,2021-02
2021-02-01 13:10:14,25.9946,38.944,6.9,0.49,Mw,4.7,Izmir,494562,2021,2,2021-02
2021-02-01 09:42:35,26.018,38.916,7.02,0.52,Mw,4.0,Izmir,494518,2021,2,2021-02
2021-02-01 08:35:17,26.0788,38.9483,17.62,0.55,Mw,5.1,Izmir,494497,2021,2,2021-02
2021-02-01 06:34:10,26.0133,38.9386,6.96,0.35,Mw,4.2,Izmir,494485,2021,2,2021-02
2021-02-01 06:00:05,26.0155,38.935,7.08,0.43,Mw,4.7,Izmir,494475,2021,2,2021-02
2021-02-01 05:47:54,26.0918,38.955,7.0,0.43,Mw,4.8,Izmir,494474,2021,2,2021-02
2021-02-01 05:46:53,26.1185,38.985,20.69,0.36,Mw,5.1,Izmir,494473,2021,2,2021-02
2021-02-01 05:03:24,26.0576,38.964,24.46,0.49,Mw,4.1,Izmir,494471,2021,2,2021-02
2021-01-20 23:37:56,26.7415,37.8616,6.91,0.3,Mw,4.5,Izmir,493814,2021,1,2021-01
2021-01-15 17:20:10,26.9328,37.861,6.99,0.4,Mw,4.0,Izmir,493510,2021,1,2021-01
2021-01-02 02:25:24,26.6661,37.9353,6.82,0.21,Mw,4.0,Izmir,492559,2021,1,2021-01
2020-12-30 13:40:12,26.4258,37.7836,5.18,0.21,Mw,4.3,Izmir,492282,2020,12,2020-12
2020-12-04 09:34:14,26.814,37.802,9.9,0.8,Mw,4.1,Izmir,490073,2020,12,2020-12
2020-11-11 06:49:45,26.9543,37.844,9.64,0.4,Mw,4.5,Izmir,487359,2020,11,2020-11
2020-11-09 20:30:59,26.973,37.872,6.98,0.16,Mw,4.2,Izmir,487054,2020,11,2020-11
2020-11-03 20:35:37,26.4931,37.909,16.05,0.29,Mw,4.1,Izmir,485543,2020,11,2020-11
2020-11-02 19:16:40,26.5003,37.9133,6.85,0.27,Mw,4.2,Izmir,485224,2020,11,2020-11
2020-11-02 11:58:03,26.924,37.8818,6.18,0.25,Mw,4.1,Izmir,485115,2020,11,2020-11
2020-11-01 12:57:03,26.8586,37.8461,6.98,0.36,ML,4.2,Izmir,484732,2020,11,2020-11
2020-11-01 07:33:07,26.8628,37.8118,6.92,0.53,ML,4.2,Izmir,484654,2020,11,2020-11
2020-11-01 07:05:13,27.0101,37.8516,7.0,0.22,ML,4.5,Izmir,484652,2020,11,2020-11
2020-10-31 14:42:43,26.4736,37.87,6.63,0.26,ML,4.1,Izmir,484365,2020,10,2020-10
2020-10-31 12:37:03,26.663,37.914,16.2,0.7,ML,4.0,Izmir,484338,2020,10,2020-10
2020-10-31 08:46:59,26.489,37.877,20.1,1.0,ML,4.0,Izmir,484294,2020,10,2020-10
2020-10-31 08:41:51,26.946,37.8863,7.66,0.47,Mw,4.0,Izmir,484291,2020,10,2020-10
2020-10-31 05:31:30,26.8303,37.8701,7.33,0.63,Mw,5.0,Izmir,484241,2020,10,2020-10
2020-10-31 04:13:38,26.5091,37.8988,6.39,0.36,Mw,4.1,Izmir,484201,2020,10,2020-10
2020-10-31 02:10:27,26.926,37.8713,6.97,0.41,Mw,4.3,Izmir,484148,2020,10,2020-10
2020-10-31 01:40:31,26.4998,37.8885,11.09,0.37,Mw,4.2,Izmir,484129,2020,10,2020-10
2020-10-30 23:33:25,26.8733,37.8645,7.77,0.29,Mw,4.0,Izmir,484075,2020,10,2020-10
2020-10-30 23:09:32,26.926,37.9101,10.2,0.46,Mw,4.0,Izmir,484066,2020,10,2020-10
2020-10-30 23:05:30,26.8593,37.8153,10.07,0.37,Mw,4.0,Izmir,484067,2020,10,2020-10
2020-10-30 22:53:21,26.7476,37.8376,8.82,0.27,Mw,4.2,Izmir,484057,2020,10,2020-10
2020-10-30 22:37:08,26.8818,37.8558,9.01,0.57,Mw,4.0,Izmir,484049,2020,10,2020-10
2020-10-30 21:46:25,26.8193,37.8341,12.97,0.43,Mw,4.0,Izmir,484025,2020,10,2020-10
2020-10-30 20:35:24,26.5445,37.7995,18.28,0.5,Mw,4.1,Izmir,483989,2020,10,2020-10
2020-10-30 19:09:41,26.4975,37.897,6.6,0.52,Mw,4.2,Izmir,483944,2020,10,2020-10
2020-10-30 19:02:51,26.547,37.9246,7.05,0.69,Mw,4.1,Izmir,483941,2020,10,2020-10
2020-10-30 17:16:03,26.9623,37.8471,7.46,0.55,Mw,4.1,Izmir,483896,2020,10,2020-10
2020-10-30 15:24:34,26.8586,37.883,9.74,0.46,Mw,4.0,Izmir,483859,2020,10,2020-10
2020-10-30 15:19:16,26.878,37.8388,7.02,0.62,Mw,4.4,Izmir,483854,2020,10,2020-10
2020-10-30 15:14:56,26.869,37.8331,7.73,0.39,Mw,5.1,Izmir,483846,2020,10,2020-10
2020-10-30 15:06:46,26.7925,37.836,10.42,0.45,Mw,4.0,Izmir,483850,2020,10,2020-10
2020-10-30 15:01:31,26.8298,37.8468,7.13,0.43,Mw,4.0,Izmir,483842,2020,10,2020-10
2020-10-30 14:47:41,26.8796,37.8731,6.97,0.29,Mw,4.1,Izmir,483835,2020,10,2020-10
2020-10-30 14:46:04,26.8425,37.8191,6.95,0.23,Mw,4.0,Izmir,483833,2020,10,2020-10
2020-10-30 13:06:57,26.985,37.8393,7.1,0.24,Mw,4.2,Izmir,483789,2020,10,2020-10
2020-10-30 13:00:42,26.8216,37.852,3.36,0.22,Mw,4.8,Izmir,483785,2020,10,2020-10
2020-10-30 12:29:51,27.0716,37.988,7.29,0.76,Mw,4.2,Izmir,483772,2020,10,2020-10
2020-10-30 12:22:50,26.9351,37.8925,7.0,0.71,Mw,4.0,Izmir,483781,2020,10,2020-10
2020-10-30 12:19:09,26.543,37.768,13.9,0.9,Mw,4.7,Izmir,483775,2020,10,2020-10
2020-10-30 12:19:08,26.4898,37.7568,25.4,0.91,ML,4.0,Izmir,483779,2020,10,2020-10
2020-10-30 12:01:37,26.9185,37.8118,6.82,0.17,ML,4.0,Izmir,483765,2020,10,2020-10
2020-10-30 11:59:29,26.991,37.8423,7.0,0.15,ML,4.1,Izmir,483766,2020,10,2020-10
2020-10-30 11:58:05,26.8986,37.8751,7.0,0.48,ML,4.2,Izmir,483764,2020,10,2020-10
2020-10-30 11:56:01,26.5738,37.88,7.03,0.26,ML,4.1,Izmir,483763,2020,10,2020-10
2020-10-30 11:55:01,26.9485,37.9266,7.0,0.17,ML,4.1,Izmir,483769,2020,10,2020-10
2020-10-30 11:53:53,26.7995,37.8406,7.08,0.62,ML,4.7,Izmir,483767,2020,10,2020-10
2020-10-30 11:51:23,26.703,37.879,14.9,1.0,Mw,6.6,Izmir,483762,2020,10,2020-10
2020-07-16 18:09:26,26.69,38.3811,7.0,0.3,Mw,4.1,Izmir,477596,2020,7,2020-07
2020-07-07 15:19:51,25.3028,38.824,18.09,0.6,Mw,4.2,Izmir,477130,2020,7,2020-07
2020-01-04 22:11:29,26.457,37.9433,12.12,0.22,Mw,4.0,Izmir,456062,2020,1,2020-01
2019-08-08 08:39:08,26.9535,37.972,18.47,0.63,Mw,4.8,Izmir,444562,2019,8,2019-08
2019-01-25 20:20:34,27.0743,38.5653,15.15,0.38,Mw,4.3,Izmir,429924,2019,1,2019-01
2018-11-07 10:38:15,26.538,38.7715,11.62,0.39,Mw,4.1,Izmir,424566,2018,11,2018-11
2018-10-28 08:15:36,26.844,38.1855,10.69,0.28,Mw,4.1,Izmir,423704,2018,10,2018-10
2018-09-06 23:53:33,26.4483,38.893,11.62,0.43,Mw,4.2,Izmir,420013,2018,9,2018-09
2018-06-27 01:00:48,26.4095,38.8206,7.0,0.22,Mw,4.2,Izmir,415784,2018,6,2018-06
2018-02-25 15:21:16,25.6753,38.6031,14.82,0.22,Mw,4.4,Izmir,405634,2018,2,2018-02
2017-12-25 05:13:51,26.7228,38.5685,9.94,0.31,Mw,4.8,Izmir,399531,2017,12,2017-12
2017-11-19 09:14:49,26.3531,38.7583,8.56,0.22,Mw,4.2,Izmir,396415,2017,11,2017-11
2017-09-22 04:20:21,26.2496,38.9458,11.61,0.29,Mw,4.1,Izmir,391217,2017,9,2017-09
2017-08-05 03:20:52,26.6051,38.9431,5.9,0.6,Mw,4.2,Izmir,385056,2017,8,2017-08
2017-06-26 05:54:53,26.457,38.801,16.73,0.37,Mw,4.1,Izmir,378312,2017,6,2017-06
2017-06-22 02:48:52,26.453,38.8216,13.5,0.37,Mw,5.0,Izmir,377693,2017,6,2017-06
2017-06-17 19:50:04,26.436,38.8381,10.25,0.32,Mw,5.3,Izmir,376890,2017,6,2017-06
2017-06-17 19:33:32,26.4366,38.8185,12.43,0.27,Mw,4.2,Izmir,376889,2017,6,2017-06
2017-06-17 03:40:37,26.2196,38.906,12.35,0.34,Mw,4.5,Izmir,376792,2017,6,2017-06
2017-06-16 13:25:50,26.3946,38.7918,18.38,0.48,Mw,4.2,Izmir,376682,2017,6,2017-06
2017-06-15 10:37:04,26.2635,38.8956,13.79,0.42,Mw,4.1,Izmir,376483,2017,6,2017-06
2017-06-14 04:35:54,26.3925,38.8613,11.78,0.35,Mw,4.4,Izmir,376247,2017,6,2017-06
2017-06-13 03:19:58,26.4233,38.8465,7.09,0.47,Mw,4.0,Izmir,375846,2017,6,2017-06
2017-06-12 18:25:40,26.2961,38.876,12.53,0.34,Mw,4.0,Izmir,375688,2017,6,2017-06
2017-06-12 16:30:15,26.3866,38.8673,12.29,0.27,Mw,4.0,Izmir,375653,2017,6,2017-06
2017-06-12 15:25:01,26.377,38.8608,6.97,0.25,Mw,4.0,Izmir,375633,2017,6,2017-06
2017-06-12 14:19:47,26.3601,38.8548,12.42,0.33,Mw,4.3,Izmir,375618,2017,6,2017-06
2017-06-12 12:35:33,26.3681,38.8586,7.15,0.32,Mw,4.9,Izmir,375577,2017,6,2017-06
2017-06-12 12:32:53,26.3361,38.8236,6.98,0.48,ML,4.0,Izmir,375581,2017,6,2017-06
2017-06-12 12:31:38,26.2456,38.8941,7.01,0.62,Mw,4.9,Izmir,375578,2017,6,2017-06
2017-06-12 12:28:37,26.313,38.8486,15.96,0.28,Mw,6.2,Izmir,375576,2017,6,2017-06
2017-01-26 14:35:18,25.4441,38.5981,1.06,0.68,Mw,4.2,Izmir,359073,2017,1,2017-01
2017-01-26 14:34:51,25.233,38.5605,2.17,0.91,Mw,4.0,Izmir,359072,2017,1,2017-01
2016-10-17 01:30:32,26.9261,37.9275,10.36,0.31,Mw,4.4,Izmir,352157,2016,10,2016-10
2016-06-05 20:26:19,26.6953,38.6085,21.34,0.38,Mw,4.2,Izmir,339061,2016,6,2016-06
2015-12-19 11:14:56,26.5821,38.6303,4.78,0.31,Mw,4.0,Izmir,321498,2015,12,2015-12
2015-09-10 08:12:45,26.27,38.8306,4.63,0.38,Mw,4.8,Izmir,310389,2015,9,2015-09
2015-08-05 09:24:20,26.1483,38.1346,20.79,0.23,Mw,4.0,Izmir,305524,2015,8,2015-08
2015-07-06 01:03:48,26.5638,38.234,15.52,0.25,Mw,4.1,Izmir,302539,2015,7,2015-07
2015-03-27 01:42:41,27.199,37.9521,7.87,0.48,Mw,4.1,Izmir,293126,2015,3,2015-03
2015-02-27 22:25:06,26.3623,38.6773,25.29,0.19,Mw,4.1,Izmir,291343,2015,2,2015-02
2015-01-10 04:32:08,27.0678,38.2026,7.86,0.28,Mw,4.3,Izmir,286501,2015,1,2015-01
